hash,createDB,sizeResult,buildTime
16a1a0d4cba324213364babc8bf6026da1525799b39b2a35d063a6ca34c7255ce12ed7c05513b74a56ce3b056618f934ee92c1c5716c143c0cd1d6ede6c0d2e9,1,37,0:00:39.195304_0
be3e2b3b1280cc33f7051a19d0a16e5e6a158ae91a6cf34a8ba92fc90fbbc084130039134febc5c9de70a85e04644b1a51222867de80ede6bad1a270ec64fda6,1,37,0:00:08.970330_0
280fe97dfea07293b32337e41a026fc3ebc50d4b2a5215b08645c2ebe655a575838f07b39fd094e7fe9b77fa8e8501c6c5edc33833137f1fde2780a75d5f806e,1,37,0:00:18.553034_0
b51cb8a77172ca4e2f6eb0b65b131507acac2cce8b881a8deb93a2fb9d8a09837c9c8fd4544c017f048e26b80716fb5e0c1bd1ef81c1d768ff69808bb0cd701d,1,37,0:00:13.886762_0
277f6e244ac670476228c122a87cf1168ebea1e61ece57a4ca09f062cfe98ff47e95f57cfe00e3e74bb738186abe61f16856d1805aab2694b44614fbe7927ceb,1,37,0:00:26.644796_0
c3512cd6eedc012c1924c6a0e6b857b3d15d3e438733a02a9415c5bfa6438c375ba5a7207bd15fba3eb993c4124d86bcc0a9ad7e160a95d92c9341a113cf388b,1,37,0:00:26.216803_0
3b2a47f5c25a565d7c1441e259cb03050b4896bebdb6ae944df6a236d084641cecfe5a4bccedffb698483282a800197e9a8f7689593db50b06bdfb404a68d809,1,37,0:00:15.467242_0
8161ee305c0b213b4582c5ea798b32797a073449b61529e4f77fd7e920aa7cf4b6ccf28d05fcc4c5a8282532624753db4f22354302463735a307b0dc25baa032,1,37,0:00:27.319387_0
5c532e525b7f6029ce99cdeebd8a53e28e673693198ed41e70e4e7c15809807c34d94ab2853e653f629a7c10cead582c9a6723bbfcb063ed76e5c4f4a2e8a197,1,37,0:00:11.864613_0
511cb5bab2f97dfe12eff1e07e2ebde9914ae7f5c080765fa313bc3cc8ddbce29f11b88ee5e5d839e2c11f1a6970ca66c3f9b545cdfa7debb6d24894d177020e,1,37,0:00:22.271993_0
94badb97661cdc6ef69ca4f1a721cbab8acbe95ebe87336fcbb2c5aa319c6e64b5c288d34b41fdfc12cb4043ff9b372a46036ed8746ced13b802c9ade467436f,1,37,0:00:19.536964_0
914255c696be9529eded786488fd149cea52e13daf1da980ca5344595e7da7aa75a47a909104c4b99521236aaf4adf99d161669df67e7300a8657694665bb81b,1,37,0:00:12.431905_0
08ecc0d37f3b8edb6d88eb638535bfc8c348df9f9ff4d3f587be641a2254ab52c478662e5a7c74d79335441078897aca75c4559e8947054b4c8a8dc3cdaefed4,1,37,0:00:13.865050_0
d5909ae83904cc832f6751e2a03742fd66f5c682516639da55a58b283a8a9f1a1d64bab1d5522de5c410a8f7118da39469de4d6eb3552810525481931f898778,1,37,0:00:09.640696_0
9c2b09875dd1480949b3161d61a06245c5a7f401d053579bf6e04711994a4b9a93fb5bdefc8d5a442d1b8276df7888b857fe13a432338035623c24a63b6afad2,1,37,0:00:18.406043_0
cda1e8c4b228ee2b3b5d677506be4908cb1e3b8c11e058bf2fcb0cef2655b118df568aa7ffb32441d77b8c49e4f7c2f15045f63f2cd49ee09a0e76e482bc9646,1,37,0:00:13.414601_0
821cfe32d35d3b200e0bc60cf1a62c8980ded3b7a5b3ddf90ddce37280283cf6886782d8bf23f7bb05ff4677277fdff5fa7272ec280538759af86d8f8170f93c,1,37,0:00:23.149250_0
301aed952a0c71123441021f6ebc8b879f3905be98336f52dc939fe60aa61f1cc19ecd9dbe83ca65b2920a843c1d91e09257b025616c278079569aa0f43f1f10,1,37,0:00:18.328647_0
77053b797d33ed2ba35524761d0c42f887427788a6aa1e1baad25fbf7ea4e103bdf639df1b3872695da20a62975b09c00b5075586d4b20aaba96afd2ec92eb18,1,37,0:00:27.277089_0
660529410485d0d5820306f21e38a91bc65334345f3701cd7ab4191fa81703aeda8d07e41228fcb9ab6a67aa49640c8a4edf5ca78cd7d09f16dbd4b1c2ccf4f3,1,37,0:00:15.987567_0
3a10ccc1275f32e2bb92e0c8029b88b254ee5de2e5f889732c2585e50cc65152755c53502e35a919004c5cad6e192a61696faeb38a1a1128fb9b159b5cf75b22,1,37,0:00:12.747685_0
b17a758ecbed055c8d0ec54125beaf992acee537be31ea2affb24ee55227ac85cc34fdcfa1c664596c096eab95ae600603bb24eda4ad0f4f5af1cffcafb0dc6c,1,37,0:00:32.263449_0
8ff9e313e9823bc44437974ad9603bb3269fa1f516d485d1f299a05a76ca702a0bc927fd08892cd387be106ce120080a1cfe322d708aff97e4c89236fa6412ac,1,37,0:00:43.530548_0
79c921ca5fbcb9fc47a8022096515aae68f37803593ea352ee2d3e02b3aa54fd818889598635b7d72ba1eac3f874539c0429b0fcdca0c295c64d7de9f181a3d8,1,37,0:00:21.497881_0
9cf2aaa59147ed4b6ccd08600e69e6959495644d2105afc85a222a7610a420ed0fdce26789dd2089179ebfc804a5679964cec94fd827d3c77d093dd1ae0ecc69,1,37,0:00:11.179995_0
9618729a50bbcc0fdfabdf12310d8e3324048616d65ac4fa4b0b2b534d35e45a4e0d52a421c112eec3b54d386d4e559764afd64d5d42e19b88803e3f48921c6e,1,37,0:00:36.601563_0
1bb9d6cbdb416046cd68f4528f4a2369b1f3e8d1d39eb60c281962edf57ce4a6e88bd059a2f85b1c65132c0a93c90e44a26d1608ebabf61b83f150397d24c515,1,37,0:00:12.567155_0
62e230be69728ece6be6c601bc38d221b8c64ff9705ca9c7d900e704b32612bf1730feede26ff9f5b71d0505dd207974e3e45ccffd2b26511a16a63c2047490d,1,37,0:00:10.157174_0
92020ffa0cb5a283382ef6a2acbd6a03fe6ba3da048be4fdd6655e02e00f9ce989b9d561467fbe8e9a70640b8b4b0593d91b954c1848d0c6fb7f39c746e11858,1,37,0:00:20.493912_0
4b10bd809a125968aaf0645ab3deb59ee91208fdc5599fe7d3220978595476beb17ca9f27aaf72bf307234db82b4ab63d2e16e132bfdc63c4b93c34dd902ce5f,1,37,0:00:10.299111_0
0bc2df5c2480d1b8bc29900389311cf3758bd2bfc10328ca21715853a6abc9e34705879dfa7bc67ab339bf8d97a123a102e83ddb7e103b7cdfce8afa4c5fe1bd,1,37,0:00:25.045776_0
b40e3811221fc7fbce2d534bbf5a785c0b7b4e030b889f07dacddaa1a2c233d845cd21b12e846016cb0afcd5c5f1382cb2cc00c270a449d016c1985a56e3a915,1,37,0:00:17.013049_0
2b85bbe75bcda5e75f4e5892d57e24ff453ad21490e966d607f445454c3284b2e35ed0af6889d5390b5778a885bb507b25a605793d4eca2ae561dde4eef9d0b4,1,37,0:00:17.513506_0
1b7095c90da9f3277ffc9ecbc0180074eb99ac74ecbcfcdd06d02fd7b154cbe417c27f99b23c70572f7c03079b21c94bee31fb3741795fb5dff9bb8ab978262b,1,37,0:00:22.390583_0
783087b2b258ff1b8cce2ee317e0213b2e3f5d30764c7448dc5a44a81c8a901990b90ab5448345e133a32e126bfab88cd26cdd843409cf56b0315a1d87ec901b,1,37,0:00:34.476986_0
1aa0d25b1bf322e42f724867501ced194e8e7a22dfcf975a5fb7b4c711d4a01b08a4f9a576db7ae5874dcb486697f4b0126260c96f40d301e433b058ccb471b7,1,37,0:00:07.669651_0
5fc15869e4a5ff16155e0a774a09e2b135851b5742fd5879e1d0fbe4c5de62b6daba65099fc17ca22eb515e41ce9300c5000369eeb4059cc9f28a88eb2190141,1,37,0:00:08.186070_0
cb11895f5bc3806bafee8f3d88acdc5c0e91ca322e31bf1d80cdc39ae68cf6b5a95e628e7e4a6157861a4177f15345bbe17aa054b64992ba561a6948cf65e5c5,1,37,0:00:08.528422_0
226d9d96a3eef9f2e216b1064cbfb7a20888d59b1b9ad3a2f4ca250433c89ca6fa751fa38b1b5d8f05d249e2e4cbb7572704dcb2a2e3fcc8810af54a9981f8f8,1,37,0:00:26.908083_0
3b001feb9e043aa8f3fad972573e6977e83ab15ebec6f35fe56c23271c959f77f7335b77fb80361cdb176a364e70284fb607524460b00a2c50bbc704004b7c3f,1,37,0:00:19.145138_0
0a6c1d9085e0d33403e1114cf921597ff2ef65c94b8d300e12b4585a31ec3a52a27b3afa3bef93ce3bb1c1df47a5354656a0729c5161de97242a04e0486498aa,1,37,0:00:12.629028_0
da76d7ae6d00b5528f012386714c3bb0146975644f4d10c2b66969e4824348f5a78c981797a8c5ecfc17696111200f48859b74509f88cf34694a7dde27951276,1,37,0:01:10.358583_0
85d754c473e98bff71434c3be6530470b100d7d08a5228a6e078a2e9e1336bf12e17a9bedf7fc946d25918cb0edf911c3eff8cabbcf793f619db01e25b564390,1,37,0:00:09.597866_0
a749541296a9b8e49bace2a22490995c6cb89231cbe7c49158cda3c2a52ef48733394dd255e7ac2c4407869fa7b00ae478120444782eb593f7f14d9a64f5beb0,1,37,0:00:23.308815_0
286f1b4065f377f3f6bb9e992c24d9fed454cc1d27f36224a65a890e39f9139f44c6c9689fac202e10ab812b76bef5ddfee324d9ad3a5be135ed5ab0b9116900,1,37,0:00:29.608443_0
088a414d99160e993d11903c6518ee46ab2213f892b3b0941cbc629e1ad984ff253bc9b3f4a9bbf887a2864259ed99abff524d3d160f8979347f04293715c943,1,37,0:00:13.140098_0
8d0970479ceabc2b4b69072223859e85907967c9107f171384d12dde064c95b6ee233d4a75a5ea1c07742767044c9a19744215cc472b0cee8f45491b004b8228,1,37,0:00:23.805823_0
d7e5d60341de496b63ac309e3da1275ba7fbd3b8ad26a0b6ed527ac4875860dad4f22382c01baaecdaf842915946cac7cdd06fbdc967186649afc992f16fc2fb,1,37,0:00:17.450814_0
165dd8255df621f9af5a56f333b314542cd2c8df7a25926de3b76b38d1f918a5094d7f44a923c79d1c8fdabfe8313887182708803ae7df04c64389fbbe33bb7a,1,37,0:00:33.803364_0
8acb96c0182a9962b08dcb94b498d63a2a7e2a0c4654be43f41fd8f86f4f5eec41587782ae1448757543a771e07a28c20a87ab1b07502c86f1fea34f9efb96e6,1,37,0:00:08.791605_0
2ad91e1eb9c2a0272198051dcbdcf48236667a1dad02b1504d105d1d9cdc12a44088e4813a4e5f31eeb00e07e556abdbf30c74f256fa1e68e66437c2061aaae2,1,37,0:00:08.711961_0
3f18839f7b472ee3900186e0e559f9802be5d670dc271d1b02061b98efa23e1faa8779e040dd894c7503b2add3b6e6a8c164097c06621ec2b9e0a78c426968ee,1,0,0:04:28.117203_0
d358bf480b8433a6727a4b4fa59ef8c09960f5376b2a05ec3ac7e34ddd504cda1d59620653d9db675de207d4b09a118e1c7f5e999e624d6b06d639fda0d7a916,1,37,0:00:14.318712_0
b5cb4ce1d855899d3e0122ed8e9f668f234b825d1d41aa4004ecc4ceb3c670809e94383c556a8fc8f8243c7e2383dcfee9d2f9ceb0ea6da4c8de550cfa51c207,1,37,0:00:24.442713_0
76f25ff27aa66010f9fbcb6f84f1c9dc4124be91077fca3da35622f8c6609b2460456349d6e31c352fc243681017d486b07ccec129460733f0edb98028a01267,1,37,0:00:13.478085_0
57382251b20b08334d81f9590e590217f07eca6b9773360e7ba43dd9a5934af714e50195a886ede531d8f8f73efc624191de1656f485694d7016f19376efed15,1,37,0:00:23.242966_0
74a8ab9d19aa5a81ad951f7417dbb0396a33a6e5d83a05d705998f43f0022ae257caa6c00d820808fd08d1585bf39d1a6a275ac57311d17d98eb64e8438f4120,1,37,0:00:18.342834_0
a4fcbaa38b1b79b228c1d304a69de4616355f9ae8a3019cc634986861d65ac35cfb1bd0d9b4936831dbcb258874c4a0a707c66e3566f35872ff73ef638b0c111,1,37,0:00:20.828947_0
4a8f4c473918478c63ad0335d7220968c46fe5156b0a3e31101c8b7a1cc616cde25dbee4417271a5e2f4da22f7adca5eb78273c76115342d578d40de46f8428c,1,37,0:00:09.036266_0
ad54949f8805ddeae8e36911a4739801d7f91bfbdc6db07e3af0ebd7c8e52864998c8e6f6f4bcd0582cd97d8f13c12adbbb2500ab97b81d474d6dcbf4bb29c9a,1,37,0:00:29.464390_0
7cc0e560a0b1f0cfec6072424619c1b7f22136bae82278845519623dcc29c3709c76bca464b7d6ed04baf8f1b8fe312f9827abbf5f0a011a97179105c466b7b6,1,37,0:00:15.524170_0
668575868803b6ae75f2549562a62bde21e62fa09786db7281b7ab459edae3e9565189bc1efe028920d305de97ebeddd069f068af6774be5cdf5cc15fb8cf5b7,1,37,0:00:29.879045_0
144807b2ed52b3686d3888628475e2aba1ba64a83d4568f508bfdcb814c25af54083d7f5bf80e5d8f6891a758bd6986919494c8832fbb0767822a528f8d5abbd,1,37,0:00:11.184613_0
0c7d55af3075de2b58d7abd0bf53df6c86a959b917bf48796880fa51cecee75a3744fe04b9cf7c5b40d39f943f45da51f603a66879d213fcfe8b3cb6064bd385,1,37,0:00:16.211459_0
b5d1b41e7188085224a423d4a3177c2fcbe9c29aee03b4c88f0c3e37aa1a00ecb946ed6ade3bfd89f53b42d50f9bfd39a82f58ac823dc5377cd12b2db3080184,1,37,0:00:13.417856_0
a3155dd37be9b2d7a0d2343d2eae1b7837faf688bab27c8e47f45d40b7a27233fab18c553d237c085ce26622b8fd2dc583ab602a8f0b2726875f94e4dc4fd6fa,1,37,0:00:20.962414_0
fe24d09c410e9e072a65d8fc2dd66d9d3cd41898b8f2ac10dda3e66357219cd24a17a1a48d7852fbf81ff1536ab9603d51012d25d1ecd210249c0bb350aaba56,1,37,0:00:14.353734_0
1bd10093fdf27e3d97192baed8a44aa1de6e59562487afcdec6ac2be4606db8658bd7cfcd1920cd7e0c99195b07850a1758e839b3ee41fa96a521465fb95ab4b,1,37,0:00:15.587824_0
a895842fd04ab270daab7ca8b5383be7511ae5ae8b0f5241f4594a64bab7d1041c22809574eaf038059a2ce6cb1a758d4beaea946fe480d3d2fbcf2e5290deaa,1,37,0:00:49.840807_0
aa06b27082f91b9572480eb1af370575179c58cefafc5a77fff06992d81d1aa93d5bd66fcf3a0b97d97c3d5c3e50fdc9421ce466debda26a94fa0438e8e733ab,1,37,0:00:11.205612_0
343a78daa8e3cdfc80e5a704d563837dbd8a671643134cecf754c23192f77404132317a6e6866bbcc56caffae0266f03f0a37d8a46a1189bfbc989762bd987cc,1,37,0:00:32.601637_0
b8cbc02dffb17822c85bc2b599d6bcc982f2cb0e5fed481d9fc2276486ff6bc3fb11f6dd7e526e42774469181a9dbcfd6b71b6c17b56358aefc66279f9f95de1,1,37,0:00:37.846827_0
9a43e3393473f2cb1574f8f685c66b343013a5e48257dce6560f0cdf48ac5047aef8b28f1b8aede3adb01fb3adec160a9999727367fcfd13b378d5bedef87f69,1,37,0:00:10.175872_0
b0e4a3855fa746f0ce9f4d2760faaebc155c6d1c3c49ad5e9efe5c53234de84f68ec57aa8256b692f99507ff6637823519594517e53df9e281e4714e133d8834,1,37,0:00:23.483295_0
c95ba583715d408d1ec4f70a72a2e6cb46808657df32f8761a37be7950fbb61555fbafa26cdba6711984553fe622c18b4dddf46ececea2cf84840d23a2fd3265,1,37,0:00:16.365800_0
3b0ade0598963f87b89a4d4d7ecd9b18b2959d65c011130982d1881fbce036fbd19db9283e7aefd293fc074fa63015f4b8d40536c5aedd6fee7a62acc596db6b,1,37,0:00:11.234354_0
efa8d3674abcf35133f0e9bff5ff8730fa5172e0f56cdf5aa46513f8dc59e3ca01a65408350e56abbfc2c18128b51eca0d17410e14f79a3804c4bf712296f04b,1,37,0:00:17.966316_0
ec53e07161e97f11df05328b3c61caf7f635e179600f3aabb7d84a155fa811bdd67ce3322d0b4e5fcacd2fb714e5079eb67cf585ce6a1d64c9b3cc65cfdff27e,1,37,0:00:09.398165_0
aab9f06a479b0be962ea4058a9f6242d2818c5ed3d26a811af819c62538d26e243f0879ebbdad7242c5e1b8a5b0666ac5f28d7b195d90ca392e8af1eab675187,1,37,0:00:07.928239_0
bf66897537666c4d8fc3d864b2500bceff818de8247cfb2f637675c990558c386006d8d95742c14aae99e56d8854c2dbc150852a602703598c062751d4276f06,1,37,0:00:09.916565_0
7f711f35745b4cf2ebc7103be44235de30a203fe4a43fef1a1c4a7715632700efb760737690276722008245094868c1efd3ad31495938ab1f34399b111a29975,1,37,0:00:17.834467_0
db053c3593b96d5f67cb6fc43555c8cb65aec7664ef0731da6c6d30cd20a3267befba99c16cc37a195a4d8cd5b3c398af340879631b78893d133d1dcede5d0bf,1,37,0:00:12.444968_0
89316ee47ff693cae75c1f380e9ea9b7231c13949a6d6f3fe0cee3c9e6eb8e209aeb1bf88eeecfec79671990ef877a10e0fadbd6425a80e6ceabd3519b56400a,1,37,0:00:07.719810_0
8379b08a4f15f8a0cd46aaa87a91602314756adf13691a084859ec293833b58f6cae0b3c2d0c07504fb1d69a49591e3f33a1d9553ff3532fa4524f2fc1c6d1c3,1,37,0:00:07.855533_0
f380eb6a25f07739bcde8b9e9534652c26b160ed5c3538fe31b2c9e7936f0f0c6a89645101318d114a723084c8aeac9055465b3dc1825c9b8f846174fd2e9793,1,37,0:00:08.124611_0
7bd57050f4bd21fc7560ecbc0f9f1501ae9ae2cd3427a757ec91f814c4b051298161a44e8cc1b5a77845c8c21e3a885830a00430a8ea572efd818d2ed7922307,1,37,0:00:08.239568_0
b9b796c5d278aea6484719db19406cf3427a98cc65f35d54b247b2c9f1cc335715cde608d78be90b00391c127468bde666c11fe127996d782d0760a8814a741a,1,37,0:00:09.352929_0
b0b9b0bf2008758b485fb5ccfb8e5c8016caecdf1920f00a81d3d7a92b648deceb0d69cf36b9850e64e1ef70e422dde79202644d3062063b489fd45978883ffc,1,37,0:00:09.197509_0
197925b8b831faee73844d9755c1ccb6572436c10664d34e285cbc81a34ba693eaee7e29c948d747ece8ebb7771769d884c93830b8f010a5539915978999f9d2,1,37,0:00:22.078555_0
02672a36591f7e5b42f6a7db7a88407abcd6bfc5c9f09e3fbd7fd4f3392706515b936079379fd0cd3c77316a78cf0f157af0c99a6d1ea568f6bc03450bba8937,1,37,0:00:19.296170_0
35d51e61b83b267e2fca5f74bbe15483d574e732502751d42d0aa7c70af051aa39608b35a269bce3c5d75a320020dc167496130833d04573dbf2c5ed496147ac,1,37,0:00:16.703707_0
3ff722e99233b6c90fa00405170c23b435d71f94b02a875a566704e1cb695fd87b2e48b4535c2e8dff0b71823b3f2ff55b198f2153d0f71a74e2c069c6fa7248,1,37,0:00:43.485650_0
af0034fc6db1643d42c36ccf3bbb8cfe2413e450cdda8028bf3fbe9212e660148d1b8809e82a34cd15966ff7c4ec55edac654cf012daf5f0fc58d17e6b92cfbd,1,37,0:00:37.649395_0
375264ac988ee62778b3e56beda001292f97912c4098dbc6c184781e595a9ef885fd54eb0502088ee12243832c787f46645aa0b2aec7c781ba9f3c21bfe28da2,1,37,0:00:45.217506_0
5543d6de26c96082772e8e11803a03c3e51bf324120e539b68715b20d1a31ef437ca8019d9c55b8feb6f33e4fb7a34085c0f0aa4c9a18970c1b1c8edd3531bfc,1,37,0:00:25.349445_0
fd3febfb2d730b356d38073505d08e26847ef0214e6a849843c9c757cd2c49e31ebbcc43ffd5d6a75ed53fe57d7775687df10cfb1306a2cfcbc2d7a3cfaf9a63,1,37,0:00:25.415252_0
0579591a114738fa6da38942872391fb95a74a118d1a590415323d3caefd39fb905658135f4d58c11f9bec6384b16a919e167ca719644eb39d4fda37fafdddd7,1,37,0:00:42.620197_0
8fc85d9cb05a1080c538cfa289460812694899572b3475f0d1433713668b3a78a337b921815d2314e92e5656fe515340c29c796ebcd5abf110fdf43e2672de46,1,37,0:00:07.961460_0
d121babd771edb0d72b9e614002d27b4a72cc2da1e12e55e5c81ceb9cea0e65f77ce7d13e936acabac98475141d17516e50a39b6f6d17132de376fd56d60d4a6,1,37,0:00:23.711870_0
d8aef2678ca256257122561c3d8d8c6bd8e1c47b059093542a9690c18204055fd775dee63d5799f0883cb51428ac67038d1bc64ec4081a00a0f960d578d45020,1,37,0:00:12.484195_0
2c88b55d7f520d5b0b1c596d9e396c646fc8782d44b5736d6b5b7e15b53cb1b3b555872323d3612f5f23c25c63ef5b7bf2762e9bd4afd11126000c81a8ef15e3,1,37,0:00:16.617206_0
e50be302cad7c3ae406aab23b225c0a273b121067d35097c1f72a71e6ddd65e2e5bd9d76a435f5153f3fd9d2c148a1afa966e8888191d355358ee18951ca5e9d,1,37,0:00:08.120255_0
4ad02d7a1e6e131c8c004b0bce254137337e07fb36975c992e86f6009a1e06dd73dbaab56e9395e2fc050ecd53a21c6c4e9ff80d59d3c3349c4583a5416eacbb,1,37,0:00:22.294385_0
8492b1a778dca32a8366604f7ce27f55d5696d6dd32bef1b9047279d0bc77947b53a75207ca922a82543bce0b69cb573377361500b5cc81ab297f27881051241,1,37,0:00:28.404825_0
253c565182795fbfc240716df304f1243ebdc31a8bca17528fa0e644df9ac590502521920ce2965b8bbad7d7440a49ce89ed89dd9bfd342ba000b6f605e9f1b7,1,37,0:00:25.456723_0
647178245a18b6a171ac8646ac5b23b7800b49d1e86987c961dbc83253d777c147f61bc5a3503756e6ad3bf4ea2ff0d6a99c27834f851b3e2532d73bf7924c80,1,37,0:00:22.645518_0
ebb960a92688e94934fb27738fddedb7e7931b32185ff665d5174b9b0f41658c519c67cc5c067e2dd753773625ba43d57d3370a03822aff2922963119b0e124f,1,37,0:00:08.200429_0
15d2ba5f108268f8efdbd3e8109293cc508754a301bc9f728fa7b8919096c3360971cfa16b1044a126098f404b170e8fd1dfab56975cd9ca07356dd55201ecaa,1,37,0:00:14.827577_0
f1dd79fc73509767f4fff968567ff6a8c43834d9c5b900feab2b271d4cc14aba222f9517ef3bd7b57d137d4ea085ed0add36a474fae397182db7a10a72f01174,1,37,0:00:10.509937_0
46efe90c994eb0246bdec47ba036c57b57e0779ce303586cc88f8a774b7c06474eb29e90998d99959ed3a661dcff787629c5d28b33cc2fe5a59519feb2901674,1,37,0:00:09.333731_0
24cdf35d9d1ec349f8bba99f460d9769a7767cf47de5de80978e87479a9d734979c345466f76dca045ffe27d2a1e004c95a7f32727896d77b3ce6820bf2e85fb,1,37,0:00:19.854983_0
2621410592373acf74c3c0993e482bc0f9af3c4c03bf2339bef2e2d718e18d5ebb1332f55d535ffaf5d291f3a5c61ffd477ea5c57aa9cc7203ab7dd72fbb965f,1,37,0:00:16.234092_0
2bf1ff38c6856a0ea14962457ee24be5e2ebc8ec3c31366436574f0963e3248fd85965198627a3d8fbadfdb1c0d7d2b1f7e1d63ed62732b5516daeaa5919d252,1,37,0:00:41.468881_0
c48a1e214fe37f594c50fd8580d89c95454f43c0f88ea17079c09f7d4ccfe3c2f9ca27da2ebfb0643b92421815d434e5c115718e94730d0da2e0eacc8fdfc023,1,37,0:00:26.506103_0
b32e4f7a854762b3ed73caa0f47ce41e8ca0e79cbfa564dec84b3b47489a58e0b4bd8c926739128f9f3203d83ba7beacce6eb6124fefc5101b9054c5c273b9a8,1,37,0:00:31.801880_0
eaeca0232ab52639fcb0f368c2302502fa387ab4aa29ec2315e4b412ca015731d6be4b619efb8d679f9d376d3cb675e97e52a14ffcc702e2d7165475e829b86d,1,37,0:00:54.698505_0
96f6382cf663305251d7a96967466758485330e984d20ebdc5db4ed6143dd88729dedc5e9b560f545aaab5fb55ddee8061a099e895fbc73fa9b4e4cd7c0f9217,1,37,0:00:17.373541_0
39e43643a542ab12963ea3e1eebc610f5954ba9b120227607da994a559394be33edc7cec4887238b84a6a6365564541229015bc6548dc9e4c46894544daf761e,1,37,0:00:23.590221_0
1ed027ce9e9d4207a1d51f3d2898a2a7eed4a2909f10f4a32ab90d3a05bfed9dfde63494221321604f20b46ecd64d74e9b3f482a309421980aff04e3f566bfb3,1,37,0:00:37.438702_0
827b1beaa6b31e581371403431897bc7a75b3c61a5e989d747f6117c25e55f41f22e7b5a7f39711036d8f0afc76c99dd5ee2efccbba05f50b4196854b8bd78ea,1,37,0:00:18.788672_0
7f6701198afdb31e8f7135d825194d429fbc8990808d18e141674a13e17b4fb691eb350236005d68f54e9b7fc989fffd30ceed215db79041688ced19abe90a8c,1,37,0:00:08.296815_0
d4c560b5238ffbdfa70b303c9f1ac57ecc17e5b96868e430e594af225fd6fd4cac681857f2487805e73803664676667d117c7eb5f8c4180617614ce2487144a9,1,37,0:00:21.257918_0
1ec07abb7ecc660b41fe16f0c93de2a12cc368243f827af52f281e4565e5561e249ca2c142511c7f1fb71e6a5b09c80c9eb772455334274b99d98463276322c1,1,37,0:00:29.095894_0
88f288ca6e99fd9976c5d187cec82161c5d1fd9e976295623b744296a5510a82acf43a271565e96b71e5cd5df989bf0ec8d563ef760a1db39e7e89edf1247588,1,37,0:00:20.183335_0
c8b90e8688f994cce24ef4b24c79760ed4ad0c3d66919a42f6501fdf503b10c2be676b802fd85f4cf09e9cec9dfaaf1bc1e04f665bfb0a1792c062890cdb03b7,1,37,0:01:12.009535_0
b8512a760221a566de88c6379832e8ea2d97dc4af71956c04c317e419af0a46cd7904592a0d635d13e225026b3678189702b7ace460faadb10ea21b3ebeecb09,1,37,0:00:08.150325_0
7c5a4d1e767193b88a631fcaa1c53e0421ea35254af6d7b4280f0d2a35cc92a59dd7a6662b615ab3158723a3ffcf7370bc8ca5a2cfa3c54e6756567febcbb29e,1,37,0:00:35.394998_0
19e249ebf4968a5cb4262c19c6706ae107993ccd9038ef4355198ed27a8e6b14fb8d1db48e98ae3fb2aea3607e9ef016733f44340854380b05e30c75ea806e51,1,37,0:00:12.609828_0
0420cff9f3241e89e1914e5f8b0283ee3d0c393fa824f25c566155309dfc17fc67e530620a6b7673b96173c9ab02149b8b44cde108232b072a8bb249a71cf87f,1,37,0:00:09.149485_0
6f8470fd26a0ad22289afb95ea75b98ca8010846e08cb4521c3f4bac3858f08c0df6574ec626ed6ac683e84236db8391ad9788113bf2e73d579aefe09e88e270,1,37,0:00:09.648915_0
653f24e2645342e08ab219a0c0d0aa86469744267facef1783e8618958a8db02df61b95356d327ff58138854350abce77f47d475347dac7a874c707f42dac6dd,1,37,0:00:15.706272_0
56f0aac7c4ad3e2c202cec0a932fad79f13f7097a2b5d4bcc6ce82eff5b2502d65954c5efc629e6c1d6ada890f6c93932441b4a8964457fb10fad1e3575891a8,1,37,0:00:43.829686_0
41a9c120c2769268d06371256573be8696ca486c46aeeb3346411f28db458400d477ac6df821bfee6174c42ec6410ae714d2593e8bb70f0122ba246212e11049,1,37,0:00:22.053138_0
c083953fc999e0c4102d8cb85c5e8ed70fdab949573a1534baa6ca8b874e7d37cd1755a7c0bf41011f4759ff7b1f926b8f1d7729e2d9495f50d7cbdb97b7301c,1,37,0:00:15.360330_0
54ccb94cfac91320e04c8f3bf28ff9c2ae15c53cacb887556a1f117eb182ed80cf1a28e84099badf5a0486933279af6a215283d91cc783f2568b996bfcba38de,1,37,0:00:35.834149_0
2a05e15b8f4586a6767ca24d35db8fbce973f64d050c1e3d66f90ebfd868cf450a05f13385c57b7768c2d7b02c5e0e598933f29d4fb71b3c025099544d121fcb,1,37,0:00:27.772739_0
8592efeba87999619de46c9d80e126675f51962c825366c5ed5fe7765fc0c047374c5517f31093c40145a0fa90b22fa692ef3c1fa4c79790bcfd4ff621009ec1,1,37,0:00:41.832474_0
74645c1600a96add4b671d25c7aadfd2e465735fd31a409af81032de2005def1976b1253945033aa6df40766a97d62139e3b62f6960e8b98df4b31e7b8d9b6ed,1,37,0:00:44.229582_0
07843939a1ef3fdff9676ca1133e425373ecf3c57574df828e642b37eb8640bb62c1cd3ae83ae2c2db785e162d66f34296a9ddb0cf99f4d468b302e608880873,1,37,0:00:40.779150_0
91768728068f63991c5ccc10ec4c09fa632cd94cc7caf5b90e39fa60fa6234b5475dcdbc0f82d62938f714ccfc961aebc0583e5ec0ba4c0b5efee6a3fc2c258a,1,37,0:01:23.608688_0
5f957062994158603180256296c0139c6694f61f727de878c1b7b7d16d70e8e348eca940daf69fd45b0f84f2bec8a88764498f8aad7af9fd64b03b254384e848,1,37,0:00:42.839178_0
dc1044435c49df12c11200c1802321dc0bef2bc7588f875a9aff2115561dad1a39d5e0bd989e56014325058da7304c691b6beda6c326f898559ff2bd43014c36,1,37,0:00:27.533579_0
c600f85d521fcfd2baa6970cff80db0afd8d0b25c998e75ca22ad355b3712914d4ae6f95ace5e8c6142cbab182b1a77d5d963271e5f1e54b9aa23ef75627e615,1,37,0:00:54.586626_0
e2f171d41531bff8cc2774190f544b1189ef5fcdeeb1ae86bb2df7d772325aa72fdf0183c1c42d837598b33c494ba9412d86c2a3039fe7ca366fd4ea70acca04,1,37,0:00:31.409896_0
7d69cc76c4ac630fd8c0ae7cfbb66709572cf211bd7fd0d41a7da4f3978d30db55a491d6dde11ab8fba1866997f29f795456be3560b58291f688da9b8c646082,1,37,0:00:23.844199_0
3d85c656875562695a410ad1d2f355b874d33c4a55c3c84361452878148808b536d1c560970db839423b4b5e4ace908e5e557b29639669113b9e249caa320999,1,37,0:00:38.589996_0
53f798af34f80406a7fc8618aabcbbabb6191634ab57f8e89c082a17ef7a47b4596bf66dcc5a9f3d6cd3093a896cf144a91c104f181c38ad12484dd257a5604e,1,37,0:00:11.607974_0
79a61e7aad07723e3133fcdb878526ff521fe65bc6989a9aabf1b2133885a91fef3b2bd325ec3a73318b1cc6f6173967d7c3a624359218ca04d0733125ed0883,1,37,0:00:17.377293_0
b2f54b614ed6fbe54c71702f84bd102564c40fa934850232723fad4cf8258360ad3b590a97fefd83dd3e001474bbf6bf85b2bc89b8371721b1348af360913f9c,1,37,0:00:15.666369_0
35279a2ecb1e760a8eb04d18222ec4eafec378de763a36157991427f92b38a1192373b46e5645306c2de5d0cc7dfa35432c72f401b053eb4a97cc8381a77cac2,1,37,0:00:12.238478_0
9392c82dfe5d1c246619b7f69f9f3f7e133ec7eba3a88e94cbb99aa9df1a8ac6ef40c619a73e1baa9b0243124168ef9e562a2025f29b899165603411f65fea60,1,37,0:00:07.271367_0
9ee88978e7b1ea77a9b5e7d615c5b14a61a59c4eb20e54aef3175b891a0763ed8c071c64eb8332dda49c7d6ff13317f4847380407cbb62163ecba0943583832a,1,37,0:00:23.838512_0
9f99ebdc92d93f880825e17c14e1ea30fadea4add14ee6723576286858a3f4ae2c1c9ff11294e5f5cd910177c65d2a69d113359285eb707bcdc397839173ef03,1,37,0:00:10.290896_0
1d7a5d6331570cfb92a3b963fa553d1aa429de4a6e74bb11ade2d20a736b74146a89254d4a4554885f5c6accf2681b7178333432e83de37807a4f07a56ad1c98,1,37,0:00:32.821603_0
49067cc1e5fe5801f961efc716ef8d5c24e3f2d2f937743df57c20436f2f31c719e5626ae094b002246a8585d1ad34a31aed347b80ec8fea1c9317b35ad9dd51,1,37,0:00:14.676334_0
6e3a81eb876dce7ff0611b11864b59edaec8f1c66b29038d2349368365ae3e9d403f93b982efebf91e762cc4780ba3f572768d801503958a6fe1f8faca243822,1,37,0:00:39.841139_0
159fce32e7d2614acf6b43c4e3cba440107aae8b7cd58141cdb24cf28441df05274ca5beed67d7fbd67b65a1fefae0b19a1fcf21dfcd19788194bb3603aa0e7a,1,37,0:01:08.275463_0
3f1f28676d91d848fd165da4ac5f2222bd599cd5dd634d1e7a57719451ee5700ba59d5ca62defadf4bac278a5a289f31bdbb84bd61c735802157c23dcd58db4d,1,37,0:00:29.236031_0
f1455bb3637578eb51e232c260a2bc9c757aece48c117bbbec09e510bceb90eee8f723f2d2ab46251d82327b70aabe39cd7002ab955e8d9b903c3d2143c4f99e,1,37,0:00:08.178753_0
22872ed1dcb3712eb4e13af072ff8bf1b9a27048f3cdd8406e108377ab1e4eee84cc5864214457418a6ab349df9dc6942ecc0eb571fd74e8aef775571fec5f38,1,37,0:00:14.656206_0
aa137fd0e5304dba1575df0606679ceef9fe9d06caf5bdd5f253dfe993739f5a5fb8c7ba82a381b9cce117b4a218ab317353ba6543198922bf5d3c86aefa948a,1,37,0:00:07.699612_0
9ec120736c925c8d6996c8650514f48bb8bc7ac3eb05ca00c1f7f84a26e69b2825b3f28148ddd4ed1d5370f989c5d3a456dcef80c71dd8c6070d23685475a857,1,37,0:00:17.654435_0
dc28e674ba16ccae97232f43bfe6de16692f2c7f90bf40c6aaac5b15f51821b3b825fd71b7f9ce960b2d0054ba724f2f77513bb593d5b4768a172eb2b6a76ce0,1,37,0:00:09.832960_0
da305f9d9ae7bd0e6d5b437e851317510b1dd3fcc13ca1d9bf8310ba898028b049069b97e6f6c9925b25938e4f580417d7ac747a06e051a113e3a0d94aa66240,1,37,0:00:18.628526_0
a2d39f4765daa0613979c933911ff61f85b4fa0907d2c6867d1489389acedf10e65f8b6081affa366c71cfeb0afed25f44d98ef73e50d9e5789ce23a60e9b0bf,1,37,0:00:34.499273_0
d7820d71a36ce6fcefe7e60582459e1da87af497b635e16182f637b323f1bddd067b31d7d49c750169aefe0feb03e7b6ef5444d10a5a823903877ceb6ee28963,1,37,0:00:10.479135_0
383852547d4edcf55548119c9496b9b4f9b0ccbea2579653697bd0fa757af335703e82e321ca62bc41c22b446eb7cc9454b7af149f03b571dac40be1e9277635,1,37,0:00:24.169874_0
ccfd2197e505aca1dab606c27f5d7bb58a08c6df24924ac9931da114c2195a4bb3370e4b83a0b4cb46295ca749b7ed6f6915dc243105e5ce97e6090d2a02e0b1,1,37,0:00:15.422493_0
eea781d2b99c83bc7cfadb79f923c8892272778b98eae039f5f8f7731f703275974af86169de350416a89b416a720a061fdd6576f99203e10b525a39d95eeb5e,1,37,0:00:58.904260_0
b81192dc4f02bcf0c563d2fbb655745ea0565d615a0056bd99a6a1c8c43a8593e2f7ce193813fe28df4d22f87a1d7f63b891dc673d4214f4d5dbde24e7e8daf8,1,37,0:00:07.591721_0
3005a8c970d9db0df3c7cb321862b2813750ce0308c21ae8d0913c432b65a05c045e77a241afdee9f3ed966c22610d1c0311abc0c57c4be948addc9a8d65ebd3,1,37,0:00:07.688061_0
ede4a9d1ca89d0379bccff6d29158c95a32ebf0369e67d23c21ee5b2c05ad2fdcea458f55174b1c870e591ec590507acf37c547c8d811b8b25650da6aeeecc77,1,37,0:00:11.524250_0
b42d387dcdd7bd9c383cc5fae0969ab3483707873adf70179f13daba05eabd957a8413290a47128a2a6e8b2152f842d03fdbc17b9ca3d740ecee6da4a6942ecc,1,37,0:00:06.865741_0
1cec4ef3633d3392e3258f3198568fe1495abdc0332803487a499daa2af11f8e74108cdec0e0b913f5f0718122a530007b9895e79bf3f1d7b587f0512b656ef0,1,37,0:00:21.210585_0
eab94563b75d78e5c8624b2de7c06c8866ef11978e3585221c9eab91df578071672ed35aee2b1f7e6b5d462a667305b0e772dd7c201df2284616a21ecf3e687e,1,37,0:00:07.134808_0
d181a13e6dffac34e123b62b270cd8cf572afed4c8c44455aa65932fe29ead5068bcd1334e2947ae071358be5116711ccc7750c6a8ae1b972db10798683c856e,1,37,0:00:09.588380_0
78734015943cb170376022d8f5cf7afaa4da2dd26a7e863c9f6dd8fdd92b23e5a510fb53a66754b4e4e254b6d744336b4cbb4648ee3f1619318382c766355caa,1,37,0:00:06.605214_0
69575b0e5aec841847fef9678ea6694d87f53bf2a38a5b6624d79556bca9ec7e00b67371385526e09c14f1392c47d1852f8eee81c3a53fe238760cb7adc992c3,1,37,0:00:59.626102_0
04e9f798ea436889ae8d315c771915393c37d4bc63956289e7c02e9244bd115fc6faaf20142ad344d8b35bc7a5baf353daf96dc741918c6c3fe1e9cd736bb232,1,37,0:00:06.802575_0
f659220f230ef198bfb12f28c7e9d851ad7c16fd339e92dc42b96c79cd9159bd4a38477781bd7c9a732ad6c1849a52e8fb8ee0ae4f4edd3a639457e6401d468b,1,37,0:00:08.396967_0
d0314e23f03bc77a62e70194cb8de40983bccd916e9522b2ebc738a77f89339a84056f6bc90f688d447c893847afb4de3d7325796ee12872f368e3c9ff7f2ad4,1,37,0:00:07.306936_0
2feeb3115e908b669f603aa6f29f7bd5da092f489cfb0df10f53d793a22946a315fdf173636c9f2eaaf38954ef12b333c0e86bc0a5bf114c2010e35400f101da,1,37,0:00:58.302623_0
f860af6ca4e316ba1db0f953e81f17c104842c130495053636088d8bf3bf261b1f2e7d015e4bbce6400f3f3539d8d603033897f031c499a7ec5aabe131fd0734,1,37,0:00:26.309585_0
8caab89bf457664381b90cef485a1546169cc5df0052f56216ad6989f0c92daa37168c9b1db89f710cc12dc8d7dd19e49a0461282bf07b86f958fe9d73c4b4b5,1,37,0:00:15.902165_0
ff0ac3783800864164717226429125ec9f25efbf068c53ff8a48cc330be34ad91ff3ac3979396864f63189f17065aa79049ce26d29778f91f0b9fd3c13fdff20,1,37,0:01:20.021322_0
ae6880665854303c7c6046ab966ae9c9b00de4c10691e1204620c29e97275d4d18c0b8a5d145368f8cf27c6dc23dc72fbe6c4f2014c6173e269196a97bdc215a,1,37,0:00:26.988107_0
2cb3bbff8ece70774042443543f223c41b6da543a4f3a458aed89e8d5c02dbb20bf7feecb29c78c3b54160856887ea492350e3df2428805e41a83b227c605831,1,37,0:00:07.558439_0
8ddd367461a52f5e232f75671a77c2417ba78fea0d40a56f7da0b6fcdaa566a5a267098113d4990e3272082c9e01b3403b62a3ac0cb8aec6e150eb5614d777ea,1,37,0:00:15.093731_0
fcea8a33f5669c3b1ecab8cd49b7afcb7b72ab2d66d6171cf5e80c79bfed9d1588cefcab05862bb43e276efff5ef8eb38fecd49efe1cc242f37ad0187f293dff,1,37,0:00:12.039339_0
6e4556ca8f6c6e23c7f0c6a176eaa5447a54059a80a2c2b8ba10b366ed12d9515d74f9a6fcaa0cb0cb8790c2fc3216a889f096287a074da6d24d4f76a7334e43,1,37,0:00:07.970412_0
b579b212630cd91cce83ef6e9ddada058bf5174e97a71aefa13bbf76704177bd7dc13da605c38d0498e6caedeb98a46a6b2ca7fa62fdf45b7b4c28e26d5217b9,1,37,0:00:31.309639_0
11af2b92a237a59bfc268bb1e52f943390e194121e235a9dc90a924ab6a824d83c35b05e64baf6c073a61def929d12e40890639e60da7b728b6ffbcbcf4faf1d,1,37,0:00:30.758046_0
cac75c709a84d51578e5e504f3b377a673ff3855035b98375c68a7b00ed937d26415d0415a720a61d8fb77e5e106c5df060e7f6983ea29bc0b4a835b96dad8b4,1,37,0:00:19.378967_0
2cbecf605e0f91618481b2225cd3b65cfca62538b2c3c3325c694829031e0e7e9e4e478481888452b84737664368ab32ad8339a4fddc6da631213be9982d697a,1,37,0:01:36.546281_0
bfaee560a9115a4067371132b329bcb89b4b26549f27093dc81bb4bda6c90159e190d9cb4073ebefba435ca2de26c07733ebe9c2c34e51686c6c0e2d3f0517c8,1,37,0:00:30.701291_0
59c00546f3ad97138a813f27a30d9e262c691735609dda3f60ceab1aba741afe19224a0660d39f5d92d833b52654eccc613d67ada1c86a25131fed45d5353ff8,1,37,0:00:07.641263_0
cdd22f69a780737da6184e13d82dc1d1f405fb8eb0054fdbddb0213963513a464767b7d0f71166cc06f8bed4b19f55035035e0bc34e5b07d830e25e67f0566a3,1,37,0:00:36.131434_0
fbe71f0a48d1dda1ba13281b4e84f3d6d50c288caaff65eecea32d343c5e562990772327101718c99256e9e4f104886b1156d25b8069625bee6f71f3b622513d,1,37,0:00:22.418449_0
3dac7542ee32b57f566ecbc83e497f812930bb7695fc2584e44d1f55f20fc969f29204d8df1f1448e77a0ac868ef04dde621a0f89fe15f9a4eefe3057feee325,1,37,0:00:13.275327_0
5173c61e2c308688a24406e6bb873b19b46260bcdc85d20e5dad5ec85252234e63ae0904aa7de06773ac2f27ee13d5460fb780eeb2b79b2bde8ffdcf1efffab5,1,37,0:00:29.329617_0
77603f82ab1cd2504e54c05483bcdfe286e7424a74c07004f79654fe2846b26937944c5f617dc5e64e9a3ca1d91211272f973491bfb0548130b0d0d6333fca9e,1,37,0:01:40.566127_0
457925573b31d8aeaa4cce974f92910c7cda2f481677ba3ac9c8c590426d69e6d69693a918b2d5fe7f4924800c8a7660971f930256e178054fdb5acafe1bf953,1,37,0:00:23.971219_0
22199587a858d836dee00afa147885b3110637d9827371d5367e9ebebd5c9314a6abf5fcca1e67734c54b60a90a97fa6f2bb98ac0dc769edc0ee3c2ac3405a32,1,37,0:00:25.870730_0
93d6d6f1e56ea8649ee4f4483efa9ea236d642a17e4c295b7a71cf82a22388c1b07380ab2ce5b5b81784d78acac3433bf4a979c129165b9277680bd9b7367ed4,1,37,0:00:25.729413_0
f4fac2ec28b66eb44262acc93c9a22ec601afd25d1f7fc56d5261b6ad19a0fe98cbdb62eed68744c19241aef419277172870bbbdc9e8a593845bd264c88c1902,1,37,0:00:27.870093_0
074ffa3c223b5e41f78a4371c9a6bb2690272dbc24efb3b9aa4e654fab2e38e8a49946f5c6b59774afb8a54339d2f248d84c1e462abf2102a195b90adb964c74,1,37,0:00:24.099403_0
73d659bd282b39f50026c222dfb39db9a186936ee69458397aed4a90a9b52e2ff716c230cbafccc71945cdb35216ec8db6d999a69dd54c5aca4040dc36583df0,1,37,0:00:07.292231_0
3aadf8718c82f9a85c5f53e329a6c234fc34f3f497673eb0e217f36a3d86e577d0ceef1811bf3b6c2c479667723d4a352ff61e20834ea3134017515347aad593,1,37,0:00:07.654978_0
9aeefc8c408cdf20bbad6efa599619fdd4aeee80af2d3cdb0d326fdf20f59e6a4115f81a59be35b459aa8c411aa60bed627bfe99df59f74238c4df6cff3373fe,1,37,0:00:26.949748_0
a8e0bfafcf4f15a09c894c7e9fbf4058111970ba349461df9ed899a3d885aa0ace5a1a02483838a9d342ad46bf8fbf35a0a9bc4d7ccfb582eb22415846a9b386,1,37,0:00:25.526162_0
e91da4867214fd32f9e87a67cf69121cd2b0780ab4f5cff477bbcc40935e2e039ce165b1cfcbf1de65988ba8e9ba2a7f9b773dcdb6ebf03d9e960d5f2320758b,1,37,0:00:12.448030_0
eeddc7fc1733cd08926edcfcdeb30cd96e65952569cf90b2e2fb11b12ffc83dacafc2fddc26697e86ebef1288e4c86f0e67fcefe50dbbeb8345f1b60b183a89c,1,37,0:00:20.262971_0
a8d758eec609bab5ced776519c3c80d7e61c78008231db901d73cc5c8258558338bad7dd1d2ba11e1f71c1e94f7ad4ce236ec3de5d5c5bb52e8140a4f852c2da,1,37,0:00:14.188497_0
e2235a3c6a6f06de48d9c0777460374ee8f2294dc65fac72d3644a858582fea8dc23b4e6410b0c744d1f3b3d5cf11e0763a672c00ed33fcce9ea6a7d728618b3,1,37,0:00:12.130767_0
de2ff9838a272b44f446a9536086d40e4c28b3ccaf24c79fed071ace873ec5af3ca570f686a1b4098bc31f931b4cd85d57d4e53f0b9f48864d0e9dfe819cda42,1,37,0:00:14.001302_0
9240d1078bb02d957b68b6dd6f4f193caddd4906687741b7477c29784389c85015dd3a9f670a6f479b8cc68cd6ba6b77c0357952740f227305ae5c7d032c164d,1,37,0:00:07.014508_0
284171e1333aee835381323966ac95e30596d9e39c7dfd767b91db9744ecc0cdf1641ffad67e62905799649b3de397188f770adeee9300277c5c32506f73bf0f,1,37,0:00:41.612086_0
6686fb7b21bcc429b3c6edcc8dc44034976e66c2b7f279d901891d9fbcf2b457ca10749540101ea5a1e04c4c21f3cc94fb3f369dd0582b7bf2b8656600fb14ec,1,37,0:00:31.054265_0
77a482b07772666515fd3e0d267fd26a7a2ed5598e336b67a6ed7dff23da8b23a33cf0600411f89a7fa2d39a30965a5035575b31d29bc3f9064b2cf7891b232f,1,37,0:00:20.850759_0
e01e26b071e246d2c588a194296988b48ba7b7d8ed28299243632a66dbec7d208f33e23778cfa28963372be81245748e3c2c171d3d1333436e697c342da87b78,1,37,0:00:28.862769_0
572846d9d93e679ece54aacc785c08829653ce0108b2f579a5883f3fb75285ff42a706101e5e1218749dd38fabc3e7bb7cb2532a51fb3fc85f505b7c849c8a0a,1,37,0:00:07.104824_0
46590f232763f79cf73fe6ac050776a0858b4dafe1dd64589d719eb81c35f0b0647a6745370d829f19be23566d67ae05d2d5eeea55430ede318cb02a81fd4ae5,1,37,0:00:12.405813_0
b974037cde6ffd4df0c0e203baadfcea0912a30ecbb8fa21371118faa15aba2da076cd10ec43a48bb050cd44174cbba0bfd5a64deb27ac68a930f33c8ddfdce4,1,37,0:00:16.815844_0
804335753056ed9cbe1e24354b942c0f8b239977edcb105e89912529849f8c9aad5da740e935612a67dcd9a17fbe9c28f20b9cd49a88610fe18673751a4c2800,1,37,0:00:23.500578_0
c329a1f9215a1c5e6970480d9cb63ab2f45c6a8dafb99c78b954c1d2898cfccf2b99e96d5704bade9aa4913354669317e3871bc4a1d51acfccd33c0be614a8a3,1,37,0:00:10.270320_0
95d897b05bdc15fbad77e4696d993d936706f7af9c1555a59b86f58545e8440bafe36347139ffd5ba807e8860aa8ee02b8d544fceaed652b26b720e346e978bf,1,37,0:00:12.168629_0
a7415b6fa2a3c33e47e5d90e7d84e95904b380b7e11d724949f89281a4e5631ce70d5d26fba309eb4b4228383293071ce83c22db3300b4f32dc50979a640dbb5,1,37,0:00:21.108761_0
c628ad6284ae1e0f67f083bdce66422b3a89c8bcc768a05f6438127d5063ac6f187ad130d51bd694c1b8b35fc1887bf90a4a844abb37a8fc3028563542ba0eb3,1,37,0:00:18.781835_0
f29aaaede64fd1a935cf6972491bbb1f597e620a25c9771fa89a8388dfd8b7d199c3d2a9a92617b6e29e0d85fc0740a1c2d19593586243c6d94ab3fa40d808a4,1,37,0:00:19.148719_0
96eeba50ae706bd20b7401cf7c7a5172cfb7233b0485aa1ef224b5696a3b1fc926ae8bc85ee7365a0bca6a0032da16067c5a1fd0112d07e682207c3ecff25e5d,1,37,0:00:52.514171_0
e60d86fd04d813e6b21df882f332f07aacc1ef1c36f141bb81411dd21699fcc1c59902fc741b7947fa9766e1c4c8bb43afc4e683df78105ca62c7fd93206e348,1,37,0:00:09.248843_0
d48ae59e1dc8e220489f2c76a86ee0d0b1a5b8f0b1cc12ee94705216ba31424ec657ebce5fdbc2965ebaffc607dfaebce0ccb117b6751f9056d2e27e96d419b2,1,37,0:00:30.689451_0
51a5a441c81379a8590d29e43e93f6327be02cf35d005145df1e7f6088361c5fc764b3854953a12a3385a79cb0a683d8be2b96851f6653937262e7b0b973a288,1,37,0:00:07.981611_0
a055a8019731e76682d8d35b693f36413b0a74ff7d81a1739509963e681ccd99c905091604e4f455574e3e820335d0b76429d078d0ba931633e89655513618e6,1,37,0:00:07.752046_0
b50f55fe5b07eaa75e1bf0e9de17b887ded8537200bd118d2ef1004e484917d19439a60ad3b9786f94dfcb741b165be1f51a2dfa1330b3b229144ba288714754,1,37,0:00:15.144400_0
4c235a80a63cfa85501c6a7d424ca1a6531ba20259b2d47058907cce2f05c3125ee1148b95e48f55f7dae5e5d8ca33931485918a6e504daecad044a89c431bf1,1,37,0:00:23.598708_0
c1b6c7a87c66c19ea5d058b46023c668cef505b561f9f0c329184f59c67297c0a251fb335c7d550c195483bdcb32b116c29565e4e72f6b7b0309c38ae3519b4e,1,37,0:00:12.126300_0
85c5ac10fd439603245342e780809cd09d9c4bac1f77cc7c8b6441ec5ba290a5afc50c927fc89eb304c752d0bd636e76892f6f5919d133a6efe103aac4d01af5,1,37,0:00:08.028671_0
eed2c1b884b379f6cd76b1cb40735b19aa2e70bf5cd7c33c4596a6a3b4b555b2162030b8c0f1e2ab2ed893b26fb6d24ec4c88198efb2374f635db948005c4110,1,37,0:00:07.088777_0
6f84d2b1204edb2436ac9578e929e62ea3ae1dc82fe7caf56b28af44e6dd035feb1f01a5193a6b1e367aac0e15b5aeb7d37f9b893be8baf11a873082b5f2b55c,1,37,0:00:08.275427_0
fa5d30f7a34aa01763297248a26c58f6994a60754a4a7ad00213fe869473af6caf6563b00b8e1f202080269aa1c9c32515de17d8db343f4d28b192f718fe7e9f,1,37,0:00:46.114920_0
440d518df41dc661b495d54858ca3bc0138b8bcd52dc21f29a47c62696f9530f229268d6c1d398f2130fafe2ad9514c553a53d8c9a2f1d749d5dfe7c5cf9d1ca,1,37,0:00:18.873229_0
e615496df5b2f29723a5c84fb7cc09d92e07ab849eddaf8c0a03aaae150a1068b51a100457a491ed3945ac5a16618392e74b0675f42e9dcd3fd99ba426d62f46,1,37,0:00:24.192447_0
70d21d7fa79fafecadb368fd0ae32b6f216544229d9121c6465a90879a43868dd5beb0438f412ccb6d9789999a5ba191bd7ab4bcfc29255473598687d84460fc,1,37,0:00:25.796534_0
ed0187315d865cbefd7590fb0f603530050a2abcbe6af5f7e7ea92e0fed8bd5b91522b28c5ae76d93c1472b014ee6dedee4e5841aac33020f48845e432f7d0b7,1,37,0:00:10.419461_0
6f89180698703c6b2bac42f0931eb43398f0665167e8a459aa6fb9b8132110db043fbc6b5cc82b74a8aca4b61ce18251078d997b19cfebf044e69a836963753a,1,37,0:00:15.518310_0
98444a3c52dc535a3bd180b0b5a07fda8edaa8bbbdb18558b5d19391dd21afe1b5842009e009aafe994ef5bf9974f7ff22a7443e4250ec0418adc85440f179a8,1,37,0:00:36.423004_0
c618f3e5422fd9b2d883516359dcea7d72eceff184e6464697f3ed2161107b3b33be8ca691a7cb305ed7208c85a24198a77f7e109d7a3160ef6e0d5cffea4faf,1,37,0:00:06.411622_0
19dd1228c289b7aae00ecbe827078d120d259a818229b1c869dd0630027212579a0f07a8b88998b47c4e4498dbce02ad265af50badeb4456ef366f990bdf90a6,1,37,0:00:19.710339_0
26b87b1291b379a7b5cfc5e6797fad456b6d3f00125a3338ab57707901c4197c8a156b0959445bca3efc94e8dde7ea0f9b6f863d9ab5a6abf6072ae7b5fdc4fa,1,37,0:00:20.579434_0
33840b3e6abf22848292cadb49ea2ddfd94ddde924a34be30170de8cc98f844d92892e2c003a4053ab0bae1a1ac54e719a61a39b2d486a8c40b5c91a3f457277,1,37,0:00:31.650433_0
c9596d9e07be874681632cec29535a3b0c8dfb4581814fab1e8e5af63989a200cd3e5f3d6a0f9435f832386382dcb6d4cd924af8f6ab956f51a325f239fcd531,1,37,0:00:08.518899_0
b022ac43ffc983c0c2bd702a88e31688770f61adc3895088c89eef434fdee72a17c8df5461c1cfe17d819bd3fdbcd111d75de7cf61259778a3dd088abcba4682,1,37,0:00:29.008932_0
528aba063afc5d0e57fe9ffa66efaa719edb1b1833ea5852a56c5b7a952e5f74d9b6db892a8797fea44632eb365713c822b6efae4dd68ef9be045604cd8a36f9,1,37,0:00:14.580301_0
fdf5bee73a427ac94626f26cb8e4e6f9e7ec4032efe650c672dc0acb1f4341a763b558d237efd1020266587853e2d8fe6768e9fb50fe5c44bd5de2b1bc2eaf6b,1,37,0:00:13.763179_0
d96cf0b8060ec6bc49f4b8fd3c3117e14767b54c91a4d8065e86ebbfd449b4fe88b18d7d925257ab0eff62190802f7cd03d97946ec395006bfd5e7d597b67784,1,37,0:00:09.871649_0
3d3f9c5b070e7905bcac71a85fb4e411f854a712345a2143ab3c0e25d4216701db3612744852693ab8d96b404526106618628073bd658ac4578d4629c745f490,1,37,0:01:01.129940_0
688ad78c8514ba31229a96dc9267a7d934002367d72b18fbf13200afca4a1f3514341408dd999256d22fcf58c8c6ce533a1d9e5ca79927c78dcea675f508c884,1,37,0:00:17.666880_0
6b96a1b6a7b4a562ad80723f371f44810674f1b2d4d820ef5eea6dfcdf87ce4cedbdc5c9aeec32405cdbae4bd7f95fb33a13705b1ef414657b451c458840d06b,1,37,0:00:30.094467_0
da4d4d82244421900fcdda13fd31a9ee97cf9904da44471249498896b0377ffb4b61f8fc25c7175332333456cf49f5dfc0b3e52a3f284cc394c33e1b436e650c,1,37,0:00:45.178681_0
3045066ae7a991bfd624061007ba4ec01c3564613aa8966a7473df4062844ff91774696d30116b55b6a1657e96b4c17b7a70abbf4b83dc5994adb7aa55c5985c,1,37,0:00:18.304020_0
c6bd91323e023b18a3ac87afb646e5fd300354725f3f8507d28ca534a77fee2c84a63c7cf1ff87142306b59a42de425cf56cdc10d517a3ffb0ba314d660da783,1,37,0:00:07.587992_0
c9c095875468989bb4cee69eb3ba4b6a511971008cb1c28ad747e4ce6fba3c42948b2aa10b7e46a354c7d44685e5e9a4d58545aa5f1aa0e43530696454e6fa91,1,37,0:00:31.489993_0
fbe87c9e025f4bc187e615ebbced53cca5bb136eac2794e9e25250427d1d3979433dc4a9a8d67c582994ec45fc5ae6d4ffc0afb023624a026e23fd6c8c1b8408,1,37,0:01:09.306794_0
3353dd43cb6eabb8be141fcf773439bd3fdfd58dc5edb7bacfd6686817c3b9ee68cdf9d5a4265a1db2a905716920b1ec3be9a213c9b0f22e232f1c2b8fa7980a,1,37,0:00:12.908090_0
e7e136e46a0e3b00b9f694b05f7be331a49ac636380f1cece77e0746249fbec3881e1699cc7db9963441d311c999a8fd534a7688844f872ded9817fab239475e,1,37,0:00:35.414342_0
993add357ae397ccb886d6253d07aa9eb33c34485315112a19f729358c63028c2760c600d355ed336f1329beb97520615ccae2ba2dcdcf554cac3d9f4c3fd8f2,1,37,0:00:54.502919_0
5d192cd6e8ecf8dbe7290cbde933217d3647437be148bc7aa99bc866868afe156cecb31359716c48a25197dfbc4864b0051d753bc99c0c164cb1c0346f6189df,1,37,0:01:57.060701_0
32774c27b50b1ff81221a520f853d4966cb41f752ffead014b15f8ef8df2c47c5147ee374b5d7472818d87c3e6ec5e9754b422726f4c7280829b24c4d6be5374,1,37,0:00:13.137016_0
4fb04465dee8423f1ffebd620b4e8d385be7f21577150f5c398f24390240ca231162c10919a5bba9a6ad679dbe504a5db961c67b7c09f8f59f610a7200fa172b,1,37,0:00:18.262291_0
dd659c26602172db4e031a3b78fa644121c6c3e5c967e7f63ff5b7f2f5bd4feb6457e0cbeba57883a8e770f38010a921da977f8b4be25fe343421480d7d7917c,1,37,0:00:06.808615_0
7490cfc1b6ef6aeb7531e2213ea81db4764237c68f393a91b2a3ebb07c7c8c76dbc6dd4b23a1442e07ce6b90e567f3257d1a0771b7fbfc5081b1aadf80b599d2,1,37,0:00:28.276219_0
9bd1646be49df06e5fa4af88eeb1e0013b09c22c5c49c2cacfa318c5157e94e745b5a0bd340a050d54075c756249c7ebbcc12064d7980a6ea46194f875da9410,1,37,0:00:20.149920_0
5f5c2858e3f00374d60e87fe54afc2c9161dd56bd14c5600f864647a0409698b8dbeeabfe4cbac360f2ee04acc0ee4a83f452e658efe0b637814c35b072db0d8,1,37,0:00:36.806637_0
3369e557e0bd92503b0f7604984ca6636caec37e0fbc34a71fbb85f4d341f7f3a787f5fc8ee01c2fb968b4064f432654efa86b5a79f4811a20551cb96bbd8ec6,1,37,0:00:25.248135_0
1d39cb067eca6c08eebdb884e1c6771a232eae184ba38ada37badb84e01e539cfc11a5f8235e7cc33cea60575d9cc0c12cacec7a3f3c2c5556f5703d6b955d41,1,37,0:00:34.750317_0
53a00f905f03b7a2c5de27099992fb86ac2ac19ee95d1ddef4f1b1a25a27994ec862d83216b516fdec17d3eba9ef4f99e0f8aa7d2260441b56d2afa0ed7881cb,1,37,0:00:19.911314_0
da16c84a4722455df10fed69faf2399d533f61b51ed7ff1a8a40fb1ed79803cf2ec7a850078ec76f7bf2f5eb02109ba534afe1aa4d862bcf3731a3692d9d405d,1,37,0:00:27.028560_0
c5b69d317b127d78d5795c782bf9d143a8e66dcac232e6ec7481948375a45ce4cacb4cef60d6dc7aa974c774a63ea30aa325c947e23996a11af5c6ad741bf826,1,37,0:00:16.663960_0
5829344d034453a0dcfcbde68c6e61b3885c67543666e74d225927fb46521f96e406d8c84f809313253dc595d5f47154516ecb8d5e16d969de77f9d504fe67f0,1,37,0:00:33.991266_0
1406c9e8a292951e47e5c917d8c93de393f304d9cc76df027ca05480f43b687d089e0dbd5e5d9e565eceda273239a52738d33a37f521c9849d17a64a141c691f,1,37,0:00:45.060829_0
4bd3d8e174374816528f911e528572828066bb2ccf1f78816d4633b4e2af1ee1498ebaed826690f37a7b1d1ec82552ac18843ff437307e985be545abb99c9d9e,1,37,0:00:26.668594_0
2c4fa11ce30e342d084cea176cc6a8ef4884308fa272692e273526e9b7bb1289b97cf146df06096525d6e2cb953828958bed55b8d10b9bbf200651b9a80af833,1,37,0:00:32.781538_0
542d0f5bc6d4537dd31e1b669fbe56cbd5a46a9b1f0b7fc6f6bae376dc038c145540f1b2a6df575b36c56c7de1d313f8bbcd0f17a12a6cb8ff7f1b0df6a04769,1,37,0:00:32.692821_0
e4a9ffe531e5588dd19436c6e9f1f5ee770cd4a47e38e2c98e187cb0301977208eca05f8c0eab94442fef57163083f9e38c1efa7f55c6ff490405811c6ad0765,1,37,0:00:23.411471_0
4a003163d5f9fa9696223a0e477772f7d97f66539d64a673f2fa23424d21f3c112690a9f54e6c6ec75e0042b340212c32f15a98ef1b367b803083a34fc1ba8d4,1,37,0:00:12.608652_0
bf85491cc107ed91070c8a9a0299f60fe780f8333fdf5ea2d81767a5686beea4bbd6c38da89b1a1271b4feebd84a70907785631412fc45c6e9532ad30c4f5c3b,1,37,0:00:06.733970_0
1530be86f27adbed5fff7a87e1882c3efe0d2b6de4b47051506cf7754a5cfa4f297d85c1cd78314524825c80980e601563c30e90ba27862e0e1cbeaf741fac41,1,37,0:00:13.845804_0
40d11df38f2361a33ef613cd760cd7f0518cb07da6c2ea2e38c813038460ba8c4d10e70ce4a89b72e422f77249a24ab59fcd0a3a44508e1d0d6d88f5758eae82,1,37,0:00:06.005076_0
bd59a54c8cc7105e6b495190d58fe2e81973d625bfbb5aea7d3154e02cb88a45723edc668e8c256faf4b35b9e65995eb85577ff2930612f0ce71bb9ba01562cc,1,37,0:00:56.221515_0
39ef671568707d2a1e035b65273435c3f85fff0177e80cdd7787ef04bbdd4d01e76856f3d7fb4fff4cfa25ba844a2692039fdc2a77e51b478ede7d229b4f3c44,1,37,0:01:10.088871_0
b3bb9d6734f488ca66bacec1ad67420f0546706977273b888fc1e0161d40b6d6ea98705545aed3e118d8efcf2c192510fbadc2de577154de1a111059abf65b3a,1,37,0:00:15.064413_0
eab608700b97e4ca2850f880e781c9ddd8510049e26bf801c8acc5fed7e88627fb49ca029a9fcc1d3d6d5c71c5e36eacd419e894fb46b72462c20d46fdee4b5a,1,37,0:00:28.415805_0
08c5bd44c4ecf1489d7474290a221e2efdc1201a33e71c22f497db6c665e37e6dc2e4da5e07cbcbe977cdc15679a3a09ed4d1c634fe9b39253f9140cb9a88849,1,37,0:00:17.086649_0
cfe91cc05ce4a56e7deb7a455554ff55faedf9dc20f57d5086f57ba11bd413a5be9f7feb16375fc61c6a44d1385406072169a4b68d2d775055ce895174b45f7b,1,37,0:00:30.215531_0
21cd6dbaf9e33446b9a7d00d8761fe873576bf2a9077e05adbaf7002915094aa960494efb01e487336886863a4f9bac3bb5c9a731903afdfdadcbb6bc8031190,1,37,0:00:06.262807_0
03011c117480fd1fdc6d5c04548982cdab2cd966a21a2a808580251f19d4c6a3449b341d8f5dbefe3b9483857f49e37247ca0f528796fb02d13e4b1f09527401,1,37,0:00:41.378710_0
e31c6a2a172254f9b05a5fb4092074ab391417e6394be5c194245210ef0fd3044596abb6138cceed3edac3f5c3acd40c712e32400c958765edfb96d5bc41ca27,1,37,0:00:07.230736_0
110f18bbbee6bf207d81a0a9cfddc6735a00bfa70cb7705ce3d79236b6f726bd92863d1f52824e3530ece6401b5910663fa43a389d7de61524d233cb99e89992,1,37,0:00:33.837816_0
edf5df080543a5e7c2c5c2dc6b6ebf368a3687981571478d7021818cce70dc072bf5d50126ca062f345a547867eb08f11ee603a43b79600080901337d4f04bc9,1,37,0:00:11.310181_0
6251dabbb38c57b08dc90eb6875642a95630bd65dc177d0035ced84934f48bf26806917416d1f8e282ea44d4f573dde2dd16ceae4b531d27615e7f7986d6e595,1,37,0:00:15.919293_0
cf8d78bcccd3c2d3b417700edf6d10a401a6b893ad4fb18feecf13661954276f6b6075045f6c1a2e5dbb82a81604d8c5f171564ec0065120741622342177b24b,1,37,0:00:37.943293_0
0d7e889170cd506375dc92c2c92f27d2d1277c7942c6e239b7d74f09154a0bfcb54ef8c3badf11cba4a2ac07c5eea9b578674b2953e640333863e7527ce6f312,1,37,0:00:19.588233_0
13c715d9c48df74fe6873e2b604d4f58c235d8d1be2bc3529d1dda5117fcedf0dde2b3df0a6d1888add8fe9acb2c8ba68d7bb24144eb8ea118a6a2f3244b5bfb,1,37,0:00:10.894883_0
ec1357dc5f3784b23ddadc5ca28824f51d18a3e4a4d7ce552ec4e8c1a2327c9cfd016ed3e4579d0b4e175cdd152eadf854acaa54bdcd02ddbae7f4c33d7f7f48,1,37,0:00:13.370027_0
68a2c6769b28c6a18c2cdd31892eb86c1572217ba991af27cb18d8465ece5657b4803a63f6c9a53becdc5a08be614299c4dba7b57675a00fa8e219b87d38dbb3,1,37,0:00:11.885927_0
d88762a29c38e0694147ac2b1d3be939a0919c267ccb033bc4cd73fc2e59260d0408c729983a0e2109be7c3f0ca84e281b265fe5004f5f9039c3ceb1b6081924,1,37,0:00:08.409639_0
841c0186afc47fd6ff84aa365abdcc28492abed46db59263cb63fee97a3b182e10d4f90b2bc065901dd55f4265f39cb42ad782e901188717f551959c9415c693,1,37,0:00:22.033894_0
0a8851e2d46aa3b10d07e5128949d3872220daa62f8d96e38dbb41ce445d99753a57c5d3228246e06e372cc6942b7df0eefc0bce3cc9374e53fffc1a7c9bbaf9,1,37,0:00:09.256228_0
e3816a5ecd65620bcf60a89508d6354b5da79dc345c844bf6358216a5383f65a9d37fc8086c8439913cf99a3a13b39dde4ddbe3bb583f087bfbe3912beba875f,1,37,0:00:15.350028_0
e8720c85701a5a1e399a148a6ea95cfbc5487ec46e2b0a01b2277d9225039cbdfac4b7d6f4bbf75c84fce4bb72517d95aa737abc23ed6d52b567c4c175264d36,1,37,0:00:21.334575_0
e866a4b4444102fa19761eb57baceb07339bc8ae44822e67db4fbd86562ea94f0ae98f813f46c1b0cd8be82472ad875893b7df25da5f56b3fc26f49d11a5bc8f,1,37,0:00:09.534026_0
50fe692094282e6b7e3dc2d0ab932dda9dcb9cf66277e874245112d33aaf323aaf3edb5c5b248834e957511bccfe135d80977291df53664bc85cd2d2bd7dfd73,1,37,0:00:34.273710_0
0bcdc61de95c8f3718e2397e8eebcf64fcbc2fa0292b6ad9c1199525b4771bc7c7df45a768abcb38b811d2b3ed78159e5e320563d0231f09267822b312815d2a,1,37,0:00:16.879829_0
3b6dbaa8b135eeca97fb8f445c70d312143c91f283748624a3de1888f26283b6e207c9ab50bc9cd5c55228ac988db166daeeca62165bb8ec46903b8c09c0686a,1,37,0:00:15.516786_0
4c34fd12e7a0d1bbe18ed7b642ee055447ff3998896ddc12ab52a3a611469c6b857467b52b63400bb9a6803976a308c32f4aa3a4ce1ebbc7ffec9941e9121be0,1,37,0:01:12.224446_0
414a41c26d46c505285ffe651ea94ce3f69a4c3fb1cad9ee95ba734c3f4f9031522cc60891cddad9721533322b1776424ab2a5dbc9cef82a1a5b4163ddd92bae,1,37,0:01:08.608466_0
b5e60d6999a4d3b97cda851b6b0df511c218ff6c6be7ff3a35d797a0e529d622933f5051d9a87c6bd951808e05cf53bbe50fbcfd60dafe35c86a17349f7aa945,1,37,0:00:23.783767_0
4766a1f99271b442d217bf3e6f23216f71ed015aaa9fa4a69d041ee579988dc62b77d5ac5fdee7d45c8ef99216a35170581e9fb94cfc0caff5dfd5d047be2e26,1,37,0:00:23.694196_0
49e149b933897069780fdf28c545fdc57c8784bd5baa1283ecdb3162660f972dcd1569c744d6fc872282afe0e85ab060062862ec3c1ef874c38a58fe8bee085f,1,37,0:00:12.538656_0
d17ea1d8f989c84dd1303adc316f8aca675eab46b76c737c3a63fa9e5898d40fbb6575f71edcb26a8d491378b5acbea57a25f3c669919596b4027d76378dec99,1,37,0:00:16.399806_0
98f0eaf6bafb738aa8d62b4b9932e0c9dbfab50a13d10483d8c6e3763d39abab6314026a67d6d356c5b316b6a819fb1d24302dc49c53e8443326eb213963cdd0,1,37,0:00:07.064060_0
f96c01411ca600a48cf79b5259db63932ea146b30972e4b2342f4599f7de4341599178c9a67199f5b3fabe5fadc43de451655d709fd7641363ff405d310129d3,1,37,0:00:08.129817_0
29583799573730488e79e065681665097d0fca481feee34307dd958419b3760df92d02d50e98eabe88f6a0f9c00efce525e5448105615546a6a4274982295ab1,1,37,0:00:13.339971_0
ca2ae4572b50d1d33a673f0b3a049452940f33dcfcfda21c92525bd772ab694374394ee49d63f9b5530896fce085b76b47ccaa3ccbed6def307ad118f14d4efd,1,37,0:00:09.695411_0
61d7a9ab4d1d90abb6b6907a294df33a5a82f0bc2399f07abc4e9da7ac3a72224689890afec321e6080fa584f4205e75ad75e4f69794dcef3e6fcd55c46ec5c2,1,37,0:00:23.741563_0
09a0298fe2c2f23f6f14dc3dcdfffcc172b4ea1e35594aff707cfb46e469197daf77c36443ee9a66742833ad0a605de2ebd3a1baad8a3dde7a6cffbd26f016f4,1,37,0:00:28.510412_0
46ce450967e5bf6b7f6b235dfd06a24e0d79e8b1f4b4c4ea54c25d264e4b9715c76ab4a8aca09c1af9804d7156b9c455c1df32374681591990639e6433fc4f82,1,37,0:00:09.775305_0
9efd8962763df2fade08282e2e952931156353a719b1e22bfa2271aad314ad8d799d7c70bb8df71929361ebc9347da29d3163020a5fc78c69ca9c258d60b84ce,1,37,0:00:25.048588_0
9037b3f7c74e761c7b80dc350ed8843d19fc48ebb113a6884baae9e75a3e41d7e5bcc13c302c03298f81eda69045bbe708378756f6bd65f61e368355fc2bc28b,1,37,0:00:08.499032_0
96ce363f4383b80eefca92fd5bec792dd9799f241268d87269a96e5104b4a77c1b04d7d33d614411b1b8538468f8e426bed9878f6bf68d84752cb8a8b40c932f,1,37,0:00:09.205295_0
33af3dcbac47efc7fa565daedfd8bff2e33762f6846f7387b7b35386120132b79a2d3acb4d2b325f19a515a1f556dfe483bb9d70eee80c64096c108b519ead1f,1,37,0:00:30.344225_0
faa809a72ca6669a707ddc875ec6f9c1d7a2cdfefebbc4082c2f3ac66632ed60dca7ab920c81f03ba84736636a6bbd3c18d87dcd742445c565f58cbb24c9925b,1,37,0:00:11.921265_0
127b9b5c426ce86c3ba6b92406e603d308662bf1ada3c5d08106fed91eee709e21d7bc97691a7c4fa3da28d350bfa25b753be55d314171c4da2e84b49a7646c1,1,37,0:00:25.689547_0
ee0a56646994934620fa8b09224bbdfd7a7933021bf5f66201cbccc1349f0b2d8b26186c7774ec6c9530a91a842992a3d7c9126a23f872c0529c6fb92e64d9f1,1,37,0:00:37.287592_0
e9163a13708258a82a0edf484488701208c8fec741ea342c0d567272cc21301ac6648aa1e8ab98cf02317ffcfa1879e684c385336becc7a65bc5dc7e8d8c95d2,1,37,0:00:32.048295_0
b65cf2e675ebe2c3f68eee4701495cad603311749934011bd1299b9eb7a5b21868b800909b8445630640684752a67921b504bff12a2da92b696b18a0d7179ad6,1,37,0:00:22.337636_0
6a12b7aa4c0a9528ab40834892d7f0eea9ba7a776aed480c973f24b90cde830067f2c6e5a6d8fcfb1ee14fee4a6b876d9075f7a9c164d41d782986e8f19d7e47,1,37,0:00:10.668961_0
1183879327b2e50476ea5922786a944d6288dfa49397f6552cc168e27e59c462de77c4e2e78cf5a02142223cfcd423d646ccde10237b56735645a9bdde2c1e03,1,37,0:00:25.529205_0
6ad6ade7557d6af5155b26cb5f775f5f207de79ecb4ad35e903bd8c274379af591cf8ca0833c01104590776bb907930a98e386630de37dee00af8cfca97a5bd3,1,37,0:00:27.545213_0
4ef32a8ea52efa712253d3058a950d908c867bda11bedef32b5bf423d3b13cdee5228e5e33201d76968b00eb615bc39eb8fd5e868430d62b6babdb56cbda84d2,1,37,0:00:18.762153_0
4a3bd7efd68a33b803e3f19de25b12a260c4929e423075adef3754928f50f36b96f453afb113c2c7fc296020295ba4a0c876d82fd8fe569ca1a6d13ec9b4114d,1,37,0:00:37.212989_0
a5d592afe936358c46e6187785ef80b28a348bfd646bfa96d6cb7f637dd86b675a3afccd5f2dba75c5120016600ba70c66cdd60b5e03484989ce6fd441b2eaad,1,37,0:00:33.154325_0
51db048f34dfb57080803adf38555510bee81cde08ec5e87ed0aa2b6a2634cde98e0238647bf3a1cfae5f4ab597f9b6b941c5454f51ed694c0a6634bfc035d87,1,37,0:00:08.296632_0
381fed1ec1efcaaf9a120b5907c29125dae9f513010bcab3e9ab38e02bc36e40185fac0174cafa49d62015005493f2b170b931a4b11cf2aa460b0d3a7075c75c,1,37,0:00:13.505409_0
3f70ec0e766e8bc14e34a887cbf2c8030c6e0b836e6a7cbc58a5e213498efb21d04818a53230f9db82c1cd102245ea7920669e3e079266a8152cce0b08a14f16,1,37,0:00:22.530687_0
1dc768f1764aa713476c6765a81446b0312c6e959c70299080134bfc13b7d3e8b5988b50c5a01917becf6c6a9ee647a095e4aa21f86cf35d8aba48ef6d150cf3,1,37,0:00:22.645823_0
3efdb5dc8f5c2ccbc4c719d6c6d9eafef59c7d7c5c891944ca796c2c04e3675825832e9c8dd266916224ac76cc0af5497330baec1f40342452a8eb8bd6ef0c22,1,37,0:00:10.477573_0
c79d8b70011a683aa5ba4545da824acf2a66d4c35304bc5c91922118ca3259deef7c1bdb36e7a54fea40404f7d17bd92d2ce9fa5b8e8fd5c74a300b5bdcec4b5,1,37,0:00:21.117659_0
b3dd14e7975e2c6323433cc4d7da089677a3cb805c9a6804b7919f81852c00034536bf7eb9241952af857adb47564f567b5c76770a4b939861f90af74a05657a,1,37,0:00:13.539348_0
552843c5fe82e23c653cdab27131745f10faba714e107b060be030c3b255b4dbf04d687a238467c2e382c6e1f03afa0a6cf37520f1d714324b00309fb59d7251,1,37,0:00:13.629572_0
3fb28307c1e4a4e4a473bed1c8cdc2e3bd9302535577ce7c9221dbb5c15e769cddbcf97411902743fa5b9963ca52b844199f93c4c72be8b2a7b7da97fce2858e,1,37,0:00:09.848883_0
b20247c838ff6d1f73406cca13317ea3a41647e489376eaa459fe790bbc439a0a160b653249f07dca7de626a25a9cfca589cf44ff0c4f611602d1099477c3892,1,37,0:00:12.510919_0
764312c48396e75600f82e110ad5bf803b59a0526005deaa91a083a8559c61f736877154c3d525bd8857a0b7e0129be83bfb276e1f5587b68308afa0a57a9f97,1,37,0:00:08.436151_0
629dbc38026166ac78d3d9af2d1390007cbddf1f0fef83a6c43adea481777a17e8afeee0817801214fd0da54a486e3edb147a0f56881b8cf8cb5feab296faaf5,1,37,0:00:46.442876_0
a4410eb2e6c9f077aa1ab5c210a0d228605d2ff9e45498a4b3fa0d75cffd5f33f0e32dea421d53274a6f11121fc933d660eeb6a10791bb8e6d1e01a4a63bab8f,1,37,0:00:09.159942_0
bd8103a5139d931a11650e85161c6e820bc80c3688cd3678393213da4f759e07d0a042d92126fec6234a4d5b26b311060994aa4afde1366538d85c9470432ba7,1,37,0:00:32.462633_0
4ebda10a98a9771e03903869b00cecba9dbe8d39bfb4fbed59940fd3a8e70f59ee144b5f17d7263783fd478cc2a9ce3a96a48c19e7e5a03a4145b6e235534e18,1,37,0:00:17.336348_0
322f61e8d16a811569aeefb5cfb1641db6fd4b317427ce6f8842630c23ad0f8daddcff8e5e385fcd52c6a8789cca48f7d6c2f706156daa078ed6756845b49db4,1,37,0:00:15.604062_0
d2be505970b90534898ddc3f96c80d1e857ea2cad1811d04ba0cb1e8bf50e83760cac252a0e7fcf6a40a565583e9070ef1bf5a011847213f87d10003f7b9448e,1,37,0:00:20.817692_0
8414474d542c7733e91225ac56525d0b6ace3f2f485cd77ff2ddb10f817240a16c5503e09ff95759d3cfe11eadccf2d59a904072196bd866c881458c4c3097a6,1,37,0:00:41.370056_0
9c110bfc9016c0947bad638df909babd5fc70abb4242de023e2a1ac2bbc5ec31a3730a51d260c98b5a30cf6b9c96fdbd0c089a469425808dc01437a361ed9594,1,37,0:00:22.635142_0
bda932b3633c4c0b6152cffcebf978dbfb43432ebc34fda24d56af656c5b062a5aa341519a0dba0c2008b598e9916a102edfc0f3271a7594bc8596127e901148,1,37,0:00:21.756454_0
4af81a6e4510ce00de64d91ede488d6ca8e13851ea5b4ae84c3eaf36e35155d0ad170641e472ce33f3e82d79584d664decfb694edd56cc130da7695a1feba013,1,37,0:00:40.724572_0
84738b75eda4f3a731ddf3bc27dca18cc15476cd13698a26b4927eb29a0d08b77940d05d04e966cb23713071786e7538aa8e217ca951f905e231f12dbe4a4ebf,1,37,0:00:20.966062_0
785ef92530fc20a676f88e29d197e2a6d539258fe4c926c466092ad70342937c1453a862cf8f4b6b57c463dbf8226c3cf83978573a153ad52896dd5717cc1d2a,1,37,0:00:06.430452_0
ce59e0e2bc09e6c12ff36eae8de2a3e788cb3415ebe17ac8d7439f4d1a0f23e61491f09bd86e4a3587c0f6206fad3686ed8dde2fea8f06ed45d9a5e9a831cdc4,1,37,0:00:14.118035_0
9a92e1eaa64493325246d7aff0b7fe7e341fecca2acf5d8358f5f4f0e778aa09c99596b9d32415f22eea709894b33aed147673d06977e4e23ae94940734221e6,1,37,0:00:40.093019_0
b021346d7a98e57667ea36aa0ee4c27a54146d4d994151682f981422c53f0c4c6180ada85ff72f7d12b2c4f0b7d26cff2ee1788868c5deeffd0c5aa25f15b24e,1,37,0:00:06.509014_0
ab75e41d6950cb3d3c6a1790be4239bdf1559ecd48ae96cf88b3e33b28d3b8cba04ee5e6efc2b96bc4c817bad44a9f343f93cea5b1fa6fc178c14a8fc6914e3c,1,37,0:00:13.271337_0
75dedaf763d09a8aad86cd4a2dffdcedaebcad078e1b19a8152f114e2cd16c4f740994e844f3405572cab9e6b7763fcea2aeaa86d3ee405d1db76681b78ba395,1,37,0:00:17.334011_0
83225919eb2ec54deeb25a37712baf3ce88afa90e9e16b890bf03470a395e8ec3ca0750d22974ae1a74c5e6252c627f2707e019aed4d375b172e60c34be1514f,1,37,0:00:12.941406_0
f5747b5de42a284bf493e7f5cd5aeff6cb4bf61c3f702f49086b17006e341ed7749e3b6eda39a803d428549aa4ad76c4c8b1269bfa87e4ca7c79a31b3066ca9e,1,37,0:00:09.513533_0
f4287c417423176fcaa429ea38c716bc9bf48810335aba0f96198c50b330c28d1b6db2d01556870b685858c9f2b921aa934c958078edf1c307d6e78ff363b360,1,37,0:00:14.517998_0
ac8c1bbe4305457b09c57bbbe802610caa7d9d3fcaee06c3eaa3b02dd51810a1017f9fe912fe604b3935b82bef1bf3e25475bd29041c8fe87178738b21364c12,1,37,0:00:19.656552_0
8f0902f430e46f05149ed9eb7c8e0de9ed56ca76b5b4f8fea4e308a59ef923b6c2fb1b5fde36ea3870e2fdc7fe787462a0c5195b039e63331ef6715f1d4e9fe7,1,37,0:00:23.300643_0
59e82034c7d5e6e7b3b1abdb6ce68fa30971ee8b8a356cb6ec09ad074fbd96bcd6e41541898c3f3741d2ee23b4eab370bb0f51d8c29e7bd892db772655fff0b2,1,37,0:00:15.892702_0
731a7c6add314d7c379cab2943fde331fc0ff6e63ccd3d6f2517d946a0699723ff625ace20955e2bbf04089fcbfc2ce2e2ebfa5d832eaf159955d22e051aa672,1,37,0:00:19.833885_0
7ad304a1d45f557c7a1bcad78f9db61817c6997052114eec64983d08c7549fe5842a070785db93974843b8dfa7b74ef4b47afc3a0f0c0ea3e502821dd9859e95,1,37,0:00:22.561115_0
fc4171a3f81c0c920c527a994c4f2eed918baaf8af7bde11a334db22e7ba9780bc7062b7c9c00baee9dbc4bd066badb45b1e7bf7ad5c47bfddc22f7603208859,1,37,0:00:12.791552_0
afff17b1ea0fcc33fbc0ed232ac798adc2ddc621f698660a9bab6cf8ad85946b71480b78ec05739505358a55f71992ecbade3a781b56935613845430e3455c12,1,37,0:00:23.560606_0
e63ab7dae3d2be24ef40f31457f4795884dc9d7993e73c3505b354a5b582e2b6c58960dde0a6758f93aa29da2f56eac93bef4c191e23a55fd0cb85bbc0521350,1,37,0:00:22.648000_0
0f0936e3725e7b476d4334fc52f22503d5812201cc47b152acdda66a93d9edd5e002d721f5e5199112a47bdf96eac2809d36823416b301da573b9a2fa982f24d,1,37,0:00:15.584230_0
947b27e0ad0143ff3bdf12ca29139622ec75f47c17ff6445e285398623e3c3de594d772245699263411eb4a237932df9b8c803c77b08688d27058fb08053f395,1,37,0:00:14.655355_0
8e4a7dfd48caff33429449eb70e9908d7972e3aaed05cfeb716839349cac997cc32ad2ebccd547bee2188f92e666dba688c0dd6b96147fad761a73d868d94d25,1,37,0:00:15.107022_0
820187d547e4193924094571ef2fdb297476e4a9788ab9d4bc70457d1f9819a224a6fe7b5b4f40f5947f40ab2dcd6b787cc2eed57652928ad650ae4b668c32e3,1,37,0:01:16.932773_0
57c0913542e9a92b0ef680174c4361b4f89f125f4f8f99b97478820d343e536217bedfedacff92d39f4348b5c3b483b6437270b2f605bee3be4c853500931c0c,1,37,0:00:25.562232_0
8c885d9dde8e8b07651954154d2f834c36a36623e2fcd17e746d64c63c7694585b8bc2b667a2b14ca62011af3685027b629138a45df216f04f96dc05f9887666,1,37,0:00:11.190752_0
b0f9c2a96a789bb3d09800e4766be27c2334e4116e381ae7a8451f3da347de50d54e28d777578aea39a761ba99ffbe2a77ba837bca42c02f79718caca5c805a7,1,37,0:00:16.408402_0
df7c116700da3a88ae3e4190981822f2e331111f4fdde12c0f942d5d330e6adafdebc1d5cb13c3c71f81ea00dd7162b68e101182958cdcdcf28819d3ace23963,1,37,0:00:55.360209_0
033ce5a3426fb7237ec70a0d51e4ee803291b8bf80b1ceb31397f63e163c2421d7fbbd8ab48d8cb28f299a89ac3b7305a9e8a64f0580dabda48bd2dea3e87052,1,37,0:00:19.463843_0
941925fdf191aa43665222d2d1e06ff939191b00f66bc3e9e21402ac3bde1e271637b0753c196ed47d0f26cbe3d24282449da5ce1670be0c211cc73fcf91dbdb,1,37,0:00:22.402534_0
b3e34720d1d186e33b6514883aa59101cb75f626cbe81e6513a306236b380d56fcbbe652b5bacc4ef764f63f54d60219b2d4fb2bd19a93f6af469d68f0633cc7,1,37,0:00:37.208532_0
70ac4c33c5d413c84c6c3d40375dd5fb6077e34bfc941b4c6f40cf474ddb696436c310614d79061662fe4e5fd468e6fc1399696d6c7a95de98db0edc2c519d01,1,37,0:00:28.981457_0
f8dda1fc0216ba1369fd518b4479446e9d5e824aaa55dddc9ee2e2ba0a904575cc721dbd8c673e978fcffb3420e0ae6cc881bdaded6ec1c62c948f5c7efa9a10,1,37,0:00:09.297511_0
8e2b8072f8c65edfac631fcfb1fa7d62104ee1b8323cc05854d0c52004bd3802852d67f62481ccd7f939efd18354c67b2d0b6dc0c32f77d64d8273a11c525fc8,1,37,0:00:09.893693_0
5da81730fe603d00f8049b4e85c45f9268031d5c26712319ec1b2382980c9af9effb3df28e65a8d93c08979598ebddc0d6c296142cd457d7be0556e67499ce6e,1,37,0:00:10.216764_0
bf23046a05bb554a909ba97b4e7163d1d5fb5f47c461f4841edf922012fbf7ae4d5adf28b61b4e42bf8a9f958283d0b2cd8dc3ada3acd01966da1d789ac28286,1,37,0:00:10.906112_0
4635741ca971458c18e056dd2014f901a30397f2b26201089407824f5b0d6263a151d61a41b77c14498bb8a085c206b9bc912b7357c29f48a2957995d9598237,1,37,0:00:10.391497_0
007b35ca4e7c5e65244e89fe65883d20dda8f83a3c9bdf7acc8e06bce580307fc6d09fae45654aff8e599799f6ba70fedf251867dfab48a9244ae222ce35125e,1,37,0:00:29.688161_0
52d6a3e3a00e4820ab3fd80c712139e3e7b2fa885f90073c2eff1ba4a487997958c4960dd2c0d8f84607736342a7d6bb40153b626eb03a7e8ac6e1baa83d41b6,1,37,0:00:19.994886_0
312a69dc8aecb0e4ea7904400835f7fd01db2d27853c74622c8a6c1ac42fc35af0bc59455692d220b187e82dafb0cc256a437e60f471ecb4929dbb4a0f81d360,1,37,0:00:26.852353_0
0f29d847becf41c3a325a1d0c2388a360f6b7630a4ed6b9b0b3a77bcbd05f096cbbbaaf8bfdbdbbb7ed4a264f6f8d95d925aeeb887507c899233e0da5d64171e,1,37,0:00:10.311256_0
3f07beb4e80c4d20a985df26fbc95ef3338bd5b75c0cfee9a4307a673001d631a71770ffa33373776da67a61f31ab8b439762405e0c2a7589e2c47bb39f53d48,1,37,0:00:23.235258_0
f7108b743ad39bca5600859d01843d49a1773e2124b83103b22a19c24f45442f18d9427f97e8f38d7453e9b3edb63d59579e8d36f1e7e6d978587789ad0aa843,1,37,0:01:14.006272_0
1419db6d75a4fe36f1cc33401cd0884c46e768aa6269696a38e6915b34e0e1dd1d7eee9e59d56929d09136a5a980ef72276748dceb93527d0a5c70f5a5c22857,1,37,0:00:25.384579_0
ac68d125124e4ca141554f764005931f10cc0aa7b08b0d8782379d75b3330a54c89a42d63cbaabc3e09f762e753c9f3899ae40ecabe898478bbd17f31a0b706e,1,37,0:02:02.876668_0
2bed5eda1423bef4c54a9e043aa1a538a36b4dc80c6cb4bb1f8956eee5d16648ed9c1e4f4d692ba33a59a2cececefb34765d8b1c6fbd5825e41035728cdfc713,1,37,0:00:31.130756_0
d3e1e55796e9fe6a0c1b5c7d3e7f69280bc2ec23da118c7e39019dd9bc4de3ee8794836c6968b0892163082d366ca7298e6d6c16a09053fb5a9b6b95d3aa009c,1,37,0:00:35.389725_0
e9a36f4bfb983c222efb906344d2b041f74d4a96869a61c378d39aa3a417e0d6326e10ba8934f93c9667506fcdf8fdc992dc33c58f7432d41068834dac4bd445,1,37,0:00:33.337773_0
ea84811dbd00cb18170dfead07fd9362bb833733081fbe758ede59238e048088d8176204605779dbb049b893e5d25390825857864f545d90b09ba62a5f9af3ff,1,37,0:01:08.764234_0
d5ab39ad984026a15d00e62813946f704e81f163df9e79c0f7ba6899ca993c325adbbb9dd8818446b360fd9eb6d962f1a0a86a030ca7637c4ef890d38cdfa87a,1,37,0:00:20.447526_0
27622133dd01583a0a243eac7b0415bde1b79cdb9f47ddedfb5737e638b1e49bce174ef1ff156c6a68f6dd3357cd44c3fb269032dd7572ed7a74d2b56028e962,1,37,0:00:28.989475_0
20a05a2f7dd6f1bbd1d7d1c7f9ff9580f022e28f9dc6054739fd3ea27a1f2d5827e99d6c2ecb74f86baf5eb6b5404f2076d4322eaf2aec42c0228c60f7a0b4b1,1,37,0:00:06.671859_0
a0670939a4fcebf4081235ff8d760a4b5d40e1c073b88baa1be96f3317fa6e80e9e024952c64340540e7577809064e8e60c9177552f86fdc3be010fbc5c6ac37,1,37,0:00:06.247870_0
2bc44d395d77fe67d3142624f2c79fabdfd43fd0c25a9f1e2e7a57abbf4ee3f3cf584e6e7db5eb633665e246ffef4c0acab5b1690421f65540a9e92c551c8206,1,37,0:00:06.600060_0
58f5098b0d6458f9fa0e0f9e9f31be8b4f6c1e32d293bd4e3dc08938e8a02338361464f3bce5457f01812c52f2ca720e06362ab703145df86ad36cf40d55d63d,1,37,0:00:21.608936_0
768b4fbc90ddfd8b73235ab0b16e7a4319c086da3ef87b42b08a2708fbb5da7ca42af13601b9dbc8fa41201d16dd6236803199db6180e1f2eb83eff816ebd8b9,1,37,0:00:22.715003_0
72af7506f1a31e83f43a67f4fba1061b73471f77e5f5e1857d6eb4b7c8daf8088efeb42db92f42ccb4f27d9bc4318fcff888239893d84c21b56dbe9de5d4d2ba,1,37,0:00:26.269439_0
042eda27ec441ad6e1db1a8642482376fa76ee46c5a06aba454d743d47abaa7bf081369b9cac4c9fb4304cd179f9193ca559e4203a73adfaff4e971d90ed3a3c,1,37,0:00:14.563046_0
eca35b61b94eefe18384dbd1f43e33c56cdb1413bff38473132bab436bc27ea940f72f1c45614c8781365820f69b24eaf5e83b31f40e1f12be9d359cde1d3446,1,37,0:00:35.160462_0
eb6272bfa28a0b5b736b78049edbfa63f8b16743a6e9f14003b37acf49364d273ac352a3a621132b31efded5e4e92f1a88ff31508e29d1a4f249b27b9e39a491,1,37,0:00:18.318785_0
4277648b6280c89d5579b76c1fc8afb339fa7015941c04fa56871eb3a820db504a40337840100aad2115d26dcf12669a006764d2fb0c44bed3052b1af4dd6693,1,37,0:00:11.110958_0
451f1ec142342ee1213e6c9a6722fde43d6e04ecea5fc03102eefb9183142358e33311578846e6eec867c603a8905d3c26bdbfc6e27193a665dac203221b1bcb,1,37,0:00:08.883320_0
2be2df749afa6b9894b60a914c74917e39d208c14906eb61aee5585649ab4b9efc71e8818296c88829f509a54e2ce31338d6a7e54c3a922ceb6fdbd203f2ff83,1,37,0:00:14.855401_0
7f336f4a80b045842012f671de194d7d4c5b4314339b06e9e5b347c133c0d1d466be44a64d6a48c52e9c2a42651a05ab877fa8cd88c727d4678544ad42eb6cd8,1,37,0:01:08.304997_0
0f6f83bc47664bcae14b557ab476840dac538e7655fb22ce422b4f9a83f357b064076570bd025350c25925d0672d0d86d0d911aae40e5793f8db65d069f5bf35,1,37,0:00:18.577576_0
b91a99a1249c3ef9afd52c5bcbc7169ec05fcf23d2c4de483c63cfbbb3a7f22d219a53d7e59ea14810bb2d74fa5a3199970d534a5d41d5e86afab78036740a5a,1,37,0:00:14.284908_0
abbf64e56215039307dd9dd9b62bb50fe2cffe3810e61a581ae4ecd7426022fd412b1f746a24840df322a833c0ecc4fc3177cb7879393f9786e3f6e461eae740,1,37,0:00:18.627447_0
63730e01e17dba968160fc709fdf9b2f034918656d805f0a1d800b1820487784a7296fb09e5a73ccbad1a7cb938594b2c37004b2883d03ee7c15d51f9216dfed,1,37,0:00:07.210722_0
34531a07f33b022efd1d7001e170178086b9e66718c1cdbc9fe3d68b0e08c35e2297780f18c83ef9cec98bd00b4fca251787ebcd05c88a2ae909d849722927f6,1,37,0:00:09.436098_0
19b4da346fbb16b35e82cfbc3d150ba313e6686342a4cb073e265ebed4953065df82027ad3aabf4052046fd07374868c2935f61d1cfd29b5dec478e48d6fc383,1,37,0:00:07.034863_0
ad7c69d20a4aced9ff6b69d1f317fb0ffa536268c369c45dd79dc249eba84d323b8377be4b27b9169e1ae15a71ee3cc1aafff1e7a07ffad4c7b0c58c1a31cbe2,1,37,0:00:52.632291_0
d0db636ce56a16b6b2189f2e638cc60c7cf62d56e53c1a4505225c36d73db340f61bf4a51c8041bf87aee0a2dcd3e4182bb029db164c5205dd91ff8d8718b923,1,37,0:00:14.760055_0
ea4715b73e40493fe4571071149079d7310acf785cc2c646a04f4bae4f13ac98387d287911198e951d6fce752c12130a5513934e0b767fea709b126d6736a778,1,37,0:00:08.411995_0
3408d600ddb01d755c3229fe1f0f76ae6636816e2b9e8f6c0edd49813a287837d9e8fb9c97344c83402134606bbb37b42fa17076560f5f862c9b2b8afe6270bc,1,37,0:00:46.597502_0
db10ba8337773be07593cb9a4e3278ddaf454456940670f2b129ef0d08009b12ce91842e5133b3e9d4ff52b7a944f3707ab55199fce126f8e60ed317d4d4a9cf,1,37,0:00:11.518163_0
660d8991b22b1dbb37d1552f6d1879ca7ef9948c60016dc4394547bdb0c6b91db9b832f4329f569883bf986e48d885329864c4bf710d961755082b943080ed72,1,37,0:00:07.073159_0
9e54f673ec74843f1b496b052cd235ee1b7bfc8a7ce89336e2e667b7c7a77414b7eecd590d8f20a8b5ad8083cb9952862f51cdede782b344c6f763e09f8ed033,1,37,0:00:20.922375_0
515b9a4e19f4e579054d9fcab0bf392ffb4b739ae9a9ef8f45b70b35264e3b50e9c803c8adfb2aa3a421cca36fd071991dcadfe42b82e2bc2f56a15f2915d843,1,37,0:00:08.659500_0
1e7f70f9a3712492300859e1f653bace0dca6bf9d01a4f20112a96460cce50041f3f282237f20d555f88118753f76f1772b485f1ca6d1f01c42a247358084cf3,1,37,0:00:22.515690_0
29bfe3a8e508b49465fd3c45fe2f35f27b6b0f2865ad612197cecd18ea9c3f054737840e23e6adea3d217c54b20e27f0a210569b466824d1c58aabdd28b2bfae,1,37,0:00:13.655931_0
45632e6596080a45d31a8c2862ce0d99fe04a76385f5dcba4eac78a925f6a7c3ea3a8874f2dd4a23e74e0784067608b0ec770d60fe64eb56285d3a9e541a9009,1,37,0:00:07.372730_0
7e251775a3095525e9058db840b0d878a5ce56553c5f1d7071c4083224f3a9b9bc70e908812e67ec1b496091270950db8943d1a2211c16dffc83dd2269a8cc76,1,37,0:00:07.043104_0
23d82e2069753f94d59e0dc0ca12218fee81178fffc24bc9fa40c6ef6abad739b919c7d1345f04b2ca06cc7b95b685ece4e28c6b0fb6e3234b4e5ed6f1bf7b09,1,37,0:00:34.810895_0
6546c449584fdfed1d8f754879a539bb20a8a47f4670f71838b2d115ec0370da39940be991b90349d0c205c0d8f8a6a693efb69f9bd41f747dcc615f216e1f1e,1,37,0:00:11.628337_0
67ec4ccb90da35d59a4c67e01863e63eeb86af3ae1a473ef3e15a00947fafa76a47ab1a39ad58462db76fb1b9388975b00e4735c29bab3de1f4d08e22ce23e15,1,37,0:00:08.150105_0
5d690b414f48d5a0afc518965f34befcf99eec6c02fdb97bf20b9b886456ed953d68ded10e7779c36fc80eda24d471dde44f1124dfc99bb63ca7557702dcab21,1,37,0:00:08.051898_0
b5c32ed5fffd0cac70abca8da25067dbda4e6e6052183c0b82bc782a4be66fb2a164fbcd0c9c254732d5e28a25bc11983243ff7b3002e2221535e657ac2e43e8,1,37,0:00:25.382147_0
2f84d625c737ee9aa2d7d92586bc4b922fea94a62a0c242d017096d2ea1a13ac2aa39c890be5923bce8a95b8e14c0584a1882fecf9a2df3656b652b67f5c05e1,1,37,0:00:15.098256_0
d32509d06b559183b6b8cd78af84b11f7b6d1537a86c80ca132ba05831c46e6d3cc98eb7baf4d9761ea7dd73f4783236affdcdd57ec552fc2734f787f1d6601e,1,37,0:00:07.527233_0
96ec284dee25dd41df1c3fd27da296299e3a49f185b146b7cdc56fa89c34683a7aa59cf3a51965224a8e218877056dbedb4be8be95d3345d813d095cfbfcac5c,1,37,0:00:07.841893_0
f730128a20ea464518745c6034940f380a379063c0d831c247189b79950720614c91c6ba1130b1617d698785f6da0e5c940c0b075bfb71139e7eaaa90d562db5,1,37,0:00:18.367449_0
2ff52aa567470bd606fc8464849721cbe086011a0e8e52ff75cdcf59299c2377fddfc0e5f05cdc14ac0897c5aadaedcd79b1479bb52a3fbd31f493d6eec29ea2,1,37,0:00:27.582462_0
ee762d821ccf447333386db8a01540045483c1f2d2e838585c11c817ff1ff28bcef08d1f34d9e602ed510ac0d9694f8f1bbd6a9ad6a1d2e4ab375aec6aac146e,1,37,0:00:16.552103_0
b18d091de28927022222697ad3b1a9561f5e881b27edb4b7cfb278b95a0c9bbcb109dc4aac1d034b8dc59fafd0cf25b75bfb6ec6e97c4af29e45ba6d680007fd,1,37,0:00:12.915885_0
39661bdd10d5c5e8f8932078386a2fc19691e45c634905984f929fd8442c07b308e0db733f0a0d442279013e8d1c2829d8a3eef9c661739022b9d0733230c01d,1,37,0:00:19.854576_0
04854cd2f9fdd708ffcf26ccc0abdeb973ee0e337fcebec08dca3816badece28fc2000d7dbdfd7b1fae857fbc3c0d6f39ed5ac6b05ae623353274d42fda493ea,1,37,0:00:19.213188_0
af6725ff8556842ebcac25e16f9dcb3b131f9df8b3e386fc14021d983b6ddc4345b5478dff920b3c1671c8285d738b9f995ade4f4b8c6bf3745d871e8d89e926,1,37,0:00:28.182319_0
7d0298e3c506d99a60ebbcd8a5d09269b63e29917bbdd85aca555bf75c329141ff45a1fb9f3e6df7144be5241bd29712a88579676236293b881e7fa87e2aa365,1,37,0:00:13.343111_0
2dd487f73762532f750b48dc1ddcc1281b24b369451ae6424564d05a5036a3a6349a2951bfcee4cd06f151dd7ba5960fb7a0e9a3cca1c81bcd97981515cfb17b,1,37,0:00:18.459115_0
cb25c4e2b59a79c1967775fca894531e9d07a4c4af3a68a1c1e473f631a09c07e7e7b787f2f91890c685d3d6ae4078afb0eed541566c56e453013c3a83a2e8ed,1,37,0:00:12.793706_0
238e0137704f93d57067783e7f4922df4193b2cdb71e6fe2f5a804c4c40548b7f75de935d8e25d7941c93436c1985ff69dafabe38143628559884a54b68eebea,1,37,0:00:09.208123_0
8a2bb6a3654f77b9c05d6c17e2409c4bc03be83e4e8b053a2b8466caa8bcc32e9f2300247f96aacbcf8c2bc4060ca5de4f69c70f76524c39c29b3b9501e3136c,1,37,0:00:14.677559_0
83cc1fa335dfb788cb4e82b1faddf9e79cdbd7009a0870062d95c8b9ef69b3808eea71c66676956fc3ac7e310a5777b3169e511e34d40b67b520436c47a82f44,1,37,0:00:24.353259_0
ab16d589c62ef0645ad7cd3e8ae0358993a649585a8f644bdcd8b58d3a904753ae2d7db0f169a85237e7eb38fe331b966c505110ca6a9078833eace2e6f91f60,1,37,0:00:20.754274_0
4002091c43b3f0d2a42816a6dea9709af184564e245a6ea0a3d29483a162f8aa847607a51568e902be9b718e657c4722a5e59586af0d618815126c6b427363d3,1,0,0:00:08.062727_0
243446f2333e905b15cf208eff33d601c8ce2e6a89ea78bd0f9426d4068158bf35e7d4f02922fab327d37d0a8c00c5b5f756667c56c627c32ba18575c4510aa1,1,0,0:00:08.305747_0
f07198ad5e6bd60d9ce35c4070cc6c66e60912306df122fc148b4a708bf6fc7ea3b049dff75c55bb1e268a396c265760d8768b47cae02bda8009cc2a35fda2ef,1,0,0:00:07.669483_0
43c75fdf6a720561ffc6da1dcdc00acb89ec15a3445f69c45791e36ea4128cb62ddc62123186c5d5152476d41e1a52bb6a9296f48b887d6bb58c797c759cfeb1,1,0,0:00:07.451942_0
b4780ba640c07e01241316da08537624b198db9f473c96ede44831a83b7f261bd11852804c907a16cfe77194f298682db2839b3c442a996bad5a88baab20e35b,1,0,0:00:07.656198_0
14bf2a7d4bf2b8e83edb34de820d8566c398b4cd2b4a9e83312979261ff4eb3b2b0d6b279cce25a2ea90f5bb9e18c75b1c0ceb90620e49815de533a07d6b2b32,1,0,0:00:07.834586_0
dd6ddfaf4bc23441098017ed451b3cce62bdd3b329f6aba62ce2de4c486f04ae7b07dd7f7157f8aec9aa883c7ab20c0d63c19da5af3c577ff83b0973bad56906,1,0,0:00:07.793615_0
3321e378cdc7a57f5030cd8f346cc8b5da7b4e720986d80059aa259e023efba1a32be45d4997cba05bc0ff18b3c0b7a33e61ef145e208986dadc992a414338b3,1,0,0:00:07.872672_0
4404c4811beb62444f848d9bf6c62d602a7e2617faa364c6de533c4f539a8f7725fffd70eb29c2c7463d701357a0541200430fe3f60e4364938173b3f43364fb,1,0,0:00:07.318573_0
2a2f9a85e40b68048419ae90055c5c1cacedb5d41183bc6b85d6a667597273224e418c1d1f8b3c55244323a277bcb72b165cc6a58f8215d10eac8acee58b9363,1,0,0:00:07.563722_0
a5437d3dc203747a59ecbe13d9ab6544928f02c511748b5d7c6a10a15b68226f04d93ad70d10802f7da49ee9bfb190d1fd5c3512eb1efd79cacc11cd18c044b2,1,0,0:00:08.122264_0
50448f83dfc2fd8380d62ddfd8c0ef6474cda88357f9ae24b6ca10270a59a0460ff9e2973c6f439b72a6d8c3b4fdf26e12bbcf2058e25d931ef2af4b9606d301,1,0,0:00:08.287320_0
4805f36c9b430c79b00156795621e42d987fb491f3fb9e0decc6910416aee1c343ec9db4d6087d47c6de4949d715f39b6c6eb3874d21e1f938f9cc231f5583cc,1,0,0:00:07.401834_0
c5a3d8cf50461ae05e676e1ccedc89a0fa641ab121f75bad5f44e3454a4b0cf8ca1e05aba15fd8949d52da769feabcf4ccc61acee41ecdda47f4347fddabe3e9,1,0,0:00:07.750023_0
e45606d74315302e0145fe28675dae316e95ff208ea9eb027d6196f20317595acf5b5790ab251c97a380a0ecc1265e2e0892bcf402770adc81b77e0e474b1334,1,0,0:00:07.854139_0
b7ac84f6db199e7ef61b5af4bbdec811fff7f775205a4d2bd09c953dd0dc8abfdd11bef91eb42483847446c319fec71e6cb06287c89ac1b838ac90ba8bef3c8b,1,0,0:00:07.727863_0
f84891f894edc2f8709029950b1325ef20a010e2acfaad97f10ec4e5ac96cf14a562f653c957b3a1676dcd823971ac571010ab59b6fefda2bebe90eea0168ddd,1,0,0:00:07.464202_0
fd0e72998f042be1c03639ec9a6430d2aff16ac9a4f8a8f35feef75be2b79d0207f1c25199b369b3eb76838c70c7ebb432b200b8dd46c669d569461bdf4d695a,1,0,0:00:07.407308_0
e6de867633f96843cd723de4202e9d3073f099aa2b16d473fdf03469275221a3cc390307ff6c664d49422f40d43a9ffa28856569329ca136a90d68e764f9773e,1,0,0:00:07.411953_0
50d52638156c09c5a33016380c38ecd6f2d91c4a62dffa171a27b285d46d96ed153cc88f6a1a12e8e0e3adbe8d010c59ca891bcb94ae06b94632cbaefbdac349,1,0,0:00:07.516200_0
7bdfcb946d42069d66cea31f31dd5b1e4d170df9555a2bd253f81356d922ac5eff41378ff0cd9cacaac675e3c9bd7dda07e7fd52e7585f353e3acdc29e9b4aaf,1,0,0:00:08.479420_0
c9c951617866b2eb88d9b5e13af80ee37c71b5116d88026e2d6da2278f83e715fba1af7f3a637b9c13f6196682c4a2b26021ec555b6aaee421b1f7a261f0ff95,1,0,0:00:07.664680_0
976cc9c435fb6290200bc5b8088bafb36ad9baf59c526798b5dda6796aea58f49833ce165a2fcad85ac272b59f3fd824189ea185433996a7d320b9979cba06ea,1,0,0:00:08.261947_0
328334fe63daefba09c8a51a3f987eea50df517d9dd26dcbb524d29d64cbbb2b309d4d472a35284e3194ffafa5c6f80c9767a9ff24602793ee5f4c6ce136a125,1,0,0:00:07.645209_0
52570866789cad2a2b1be5c5f718e492309c01569c8b40d2bb8ad8979118c1cdb3492bbc91e2cf3a099a0da383db3b626909b6c6833a48f14ab783427ba29cf4,1,0,0:00:07.736794_0
17502bc6721034d08ceaed31029954fac7d3e9100e435fd0e818fa8799ca9e5683b6c34cc73b14c3d01ef2c92030261ffa9b971cc4c61036712fc5e3d268739f,1,0,0:00:07.900925_0
c9451d3aa32a287f062916d1e9aff831bb96668d4379e1709cceeed5862dcc4852ab074b704948018a1070475a1d82c07367498b0751b289933677bcc02affeb,1,0,0:00:07.759889_0
87be3bca13347f834c4ce17495eb37c3e482f14c5f661463db2ff39cc005f63841ca89e0047b75c76cbabd22c9f88babe9c0f9d6158a33a584bded41ec39ef9a,1,0,0:00:07.401164_0
cbbc3357f9f5d35654a9ba0f59f9dfd63e19a12578eb54454d6ddafd5b95073d73750498019064fc9a4f1e6e1fe9ea204ba297e409d7d76fdca3f7d1a6acf63f,1,0,0:00:07.781357_0
a030ab156d4f0fd36d6393442d655ecc9db5f760966b45a4b9bf2a78f4eacf3eb0c7a754ca6d54b3a7f8a418fa8ace278dd778d58723ac18427fcfb92659246c,1,0,0:00:07.321500_0
c3aff956d55aa58e2f55f71c9486b9c001d131cdb26e8d9d7b414b633b4cf75f86f367bfb824621830aa9fb625adcf00d8a83da29fcb34b89e73929036eef84e,1,0,0:00:08.014394_0
f2b3784b6d235637c8290bdb827fe1644374cf2252fb39384be5fe4fac5b96069861edbd4f411d3eb5ff2fa49aa42099653470525c5c3e5feb0fdd07d5e2c873,1,0,0:00:07.668236_0
2ed7d58328db69c38e2c0d0e99ad6ab006ba672013af627a3232d84207ce3f1e685edc80aaead980a3f0353421437b7e72c997a759a564f7d5ebfc6dc4137d1a,1,0,0:00:07.377032_0
9f91194253bf7c208bbf65c106e50c07295c9575bab53b1ed3c0413b2543493ecf712059d28b3725fe3759fbee1ac0c59d535e43112df3b3e8ee5e3076b9a8ff,1,0,0:00:07.666889_0
16ff11a7a2e72b2ae8682a729a69ae70758344f3acf90777e4afc44a8dc6518884bf7050e2123fbf4faddd3a36c0de06db9422c011799877d6c083d1b8ef296f,1,0,0:00:07.385472_0
23028b78bfe354d9a49d4fe7c220573f25eefe227d5207d328b4748ede7db3ec0a8eff1861834f81c14b580535e6fcd2fbbd94aa5afcb20a80e92cf5459ff9d1,1,0,0:00:07.435661_0
49b6c949e76a483a33aaa3522f2df6925887729ee12bc5a73290ac1a8b51d8a959911675483d211365207eead51ac56b54b59556beddd84b0252f5025cdd5fe5,1,0,0:00:07.919726_0
5ca6047b34e2f5889a18469f6cdd6df214c9f95f522a0d7f7c24a30b549e80bd7a67d4c367614e4c300cdf088108e9a9d5278eaf230963349fc066bbf3e374c7,1,0,0:00:08.018043_0
ff7780d9659b1fea14ab5a9b1197e338a18c9dcf0679c5270484b04fa217745fced052b6a0ee339fd7692e949fe96fd6da34363cd1f480013d1dfc2f35a3c62e,1,0,0:00:07.600206_0
c88d747b8833b8933d58c866f76a4b377239f2d589f6ddaf1fadb208efe0d883ec0a93e1ea77c8e70a4d9c9702fbf4d085bca6334e0c51be79ccd0fd1d9ca737,1,0,0:00:07.765703_0
affdc201cb19853f96830ef49b2c281aa387074fe552d32585824ffbf869d1322b752748b9a97c1ad19edb1ca0724bca0e1a90f209a7c1e2731df4dadf417ec1,1,0,0:00:07.484182_0
4eeb578d723660cc4c985cea89b17eb4cdafc13187e4d2568f34b2b9d9141634a57c6a59fe8801205a0e30cf4718ed567795d5d929d6836eac83eccb4e952d91,1,0,0:00:07.792447_0
91b2b19dcf29cee23bd48fbe487ee554c81b3541087519464bab76f83ae736864bee7963a468eacabf60d66fcfe8e051246cefba850788ca5a4ae179c3cf8e91,1,0,0:00:07.897548_0
a8714774839b3368c4efd5fc4bd738dc053560a9f9eff1ff338a4fe984f884b440cfc1862f4a2ca0b88fb5e5dc697ba142d84e9c9d63ed43c1f6627f18ff6760,1,0,0:00:07.950587_0
2647879f5f8b5207d0df9b98378307a790268c8ea07857d73e58ca39596a67a75ba734c5e4a83a84e801ad35a53dfa7a28929c25c6fbc46a36081cdbae1379ee,1,0,0:00:07.702670_0
245355ba6010d20c3764d3ad186ff0edea0d50e1bf9455875cf7afd042d5432d85671959998ebc72775b8e5d65ffb0e8cf99525675babfbcc99ac7441393b62c,1,0,0:00:07.676717_0
a85d485a28e17209e1bf4af728e24f48f78aa4aa1c32274456b7269c74feceaa8cec2e31d76a6b7de6cb888df0c3e6cf97f868ae8f4c1bebf9d9a727ca075bc1,1,0,0:00:07.862520_0
8634f3ac9ca3542d93bf65945a0037ee27c82e8b33f351c2104c6293c245a03058101540397227e3db06e204de992a51468227a20d1be02ccd16faae1fdba5a1,1,0,0:00:08.214775_0
71244524c1bc6f2390ccbbd18d7663c2461fcbeb8b8abd26b04f3382bc7510953bd0f4a02a01582073a0d9026575cbe9f5d9d1fb46fd0bb3e126ca6d484f2747,1,0,0:00:07.421135_0
b9572da5fa8e627355a580f071407bdfe553207a22a471a8b3d278c378a8287888b717bfa11156b9cf28c7e58f402ee59d58e1674ae07c934633705429e2bdb8,1,0,0:00:07.655750_0
30c9643dc92c2bce49ea2e01d77c03f3474efeea962d6a2cc0a819063aebb7b89ba5ae822a6a328b6169af14724dfee60b732ccfc6b69aae9ceca529b3f13311,1,0,0:00:08.180816_0
0d9da46267a5766568f5f6246813a7203f4bcd796bb624001f747967016355dbad09100d47ccda41c448548cbe72cb5f4b07391f624cb6fc692146b4a1b7f205,1,0,0:00:07.566050_0
469c913fee424a60c9ab3abe4b9077b8da393aa67dd5b396061e4f809daab7d24b829d855b0ec4aeca5c7239a58a7ddf99ebe1d50b9e40561ec7dd9152d1b0b3,1,0,0:00:07.027131_0
eab51ecf7d81f2d80bb3137c456e8ea836883f3a4c98e98b09a7f289c04fa3555e36d9f8a000bfa258e95170930623ce2f4e487c930ef67f4e68da9ed5ace3ee,1,0,0:00:07.087060_0
dff8c2753f36eb6795651321285bd970923edc7c8776a4d46f384c4d4ec94b6d9038071bbc3311c1ecd409484ad914b0a68f91e2b2ca00fb9dd666dc2f26e9cc,1,0,0:00:07.467588_0
